CHEMBLID,smiles,ido_ic50,tdo_ic50
CHEMBL1098875,O=C1c2cc(F)ccc2-n2c1nc1ccccc1c2=O,7.638272163982407,7.221848749616356
CHEMBL1209728,Cc1c(Br)oc2c1C(=O)C(=O)c1c-2ccc2c1CCCC2(C)C,5.0,5.0
CHEMBL1276265,O=C1c2ccc(Cl)cc2-n2c1nc1ccccc1c2=O,6.73754891026957,3.6493643917410457
CHEMBL1346056,Oc1ccccc1-c1nc2c3ccccc3c3ccccc3c2[nH]1,4.928486194904911,4.911863911299449
CHEMBL139935,O=[N+]([O-])c1cc(F)c2cccnc2c1O,4.835349784065703,4.519561852822183
CHEMBL1403970,Nc1cccc2c([As](=O)(O)O)cccc12,4.339798798619318,4.421704694879174
CHEMBL1442185,Cc1ccccc1Cn1nnc2c1C(=O)c1ccccc1C2=O,6.092105164583717,6.251037138743839
CHEMBL1487639,O=Cc1ccc(O)c2ncccc12,5.359518563029578,4.0
CHEMBL1537588,Cc1cccc(Cn2nnc3c2C(=O)c2ccccc2C3=O)c1,5.336110701377339,5.758204568704802
CHEMBL162783,CC1Oc2cc3c(-c4c(O)cc(O)c5c(O)c6c(cc45)OC(C)C(C)C6=O)c(O)cc(O)c3c(O)c2C(=O)C1C,4.355659901173677,4.313810765755976
CHEMBL1644447,O=C1c2ccccc2C(=O)c2c1nnn2Cc1ccccc1,6.052566278112949,6.066512712151295
CHEMBL1652342,O=C1Nc2ccccc2/C1=N/Nc1cccc(Cl)c1,5.82102305270683,4.329661358872558
CHEMBL1652343,O=C1Nc2ccccc2/C1=N/Nc1ccc(Cl)cc1,6.200659450546418,4.2726214305485115
CHEMBL1812545,Fc1ccc2c(/C=C/c3nnn[nH]3)c[nH]c2c1,4.0,4.936291440608582
CHEMBL187266,Cc1coc2c1C(=O)C(=O)c1c-2ccc2c1CCCC2(C)C,5.0,5.0
CHEMBL187460,C[C@H]1COC2=C1C(=O)C(=O)c1c2ccc2c1CCCC2(C)C,5.0,5.008773924307505
CHEMBL1875561,COCCn1c2nc(=O)n(-c3ccccc3)c(=O)c-2nc2ccccc21,4.62397081827182,4.472112434047295
CHEMBL1909733,Brc1ccccc1-c1cnn[nH]1,3.8297382846050425,4.0
CHEMBL1909734,Clc1ccccc1-c1cnn[nH]1,4.0,4.0
CHEMBL1909735,Fc1ccc(-c2cnn[nH]2)cc1,4.0,4.0
CHEMBL193664,c1ccc(-c2cnn[nH]2)cc1,3.844663962534938,4.0
CHEMBL194853,Cc1cccc(-c2c[nH]nn2)c1,4.657577319177793,4.0
CHEMBL196408,Cc1ccccc1-c1c[nH]nn1,4.0,4.0
CHEMBL1974436,C[C@@H](CO)C1=C(O)C(=O)c2c(ccc3c2CCCC3(C)C)C1=O,5.0,5.0
CHEMBL1981840,O=[N+]([O-])/C=C/c1cc2ccccc2[nH]1,5.554395796726403,4.0
CHEMBL198194,Nc1cccc(-c2c[nH]nn2)c1,4.0,4.0
CHEMBL198937,Oc1cccc(-c2c[nH]nn2)c1,4.0,4.0
CHEMBL2000037,Cc1cc(=O)n2c3c(c4c(cc13)c(CN(C)C)cc(=O)n4C)OC2.Cl,4.569119053547109,4.753255290276159
CHEMBL2146496,Clc1cc(-c2c[nH]nn2)ccn1,5.552841968657781,4.0
CHEMBL2147989,Clc1cccc(-c2c[nH]nn2)c1,5.920818753952375,4.0
CHEMBL2147990,N#Cc1cccc(-c2c[nH]nn2)c1,5.552841968657781,4.0
CHEMBL2147991,FC(F)(F)c1cccc(-c2c[nH]nn2)c1,5.221848749616356,4.0
CHEMBL2147992,CCc1cccc(-c2c[nH]nn2)c1,5.958607314841775,4.0
CHEMBL2147993,O=[N+]([O-])c1cccc(-c2c[nH]nn2)c1,4.823908740944319,4.0
CHEMBL2147994,Fc1cccc(-c2c[nH]nn2)c1,4.0,4.0
CHEMBL2147995,Brc1cc(-c2c[nH]nn2)ccn1,5.5376020021010435,4.0
CHEMBL2147996,Fc1cc(-c2c[nH]nn2)ccn1,5.154901959985743,4.0
CHEMBL2147997,FC(F)(F)c1cc(-c2c[nH]nn2)ccn1,4.823908740944319,4.0
CHEMBL2147998,Oc1ccccc1-c1c[nH]nn1,4.823908740944319,4.0
CHEMBL2147999,Nc1ccccc1-c1c[nH]nn1,4.0,4.0
CHEMBL2148000,Fc1ccccc1-c1c[nH]nn1,4.154901959985743,4.0
CHEMBL2148001,CCc1ccccc1-c1c[nH]nn1,4.0,4.0
CHEMBL2148002,FC(F)(F)c1ccccc1-c1c[nH]nn1,4.0,4.0
CHEMBL2148074,Oc1ccc(Cl)cc1-c1c[nH]nn1,6.958607314841775,4.0
CHEMBL2148075,Cc1ccc(Cl)cc1-c1c[nH]nn1,4.853871964321762,4.0
CHEMBL2148076,Clc1ccc(Cl)c(-c2c[nH]nn2)c1,4.468521082957745,4.0
CHEMBL2148077,Clc1cccc(-c2c[nH]nn2)c1Cl,4.0,4.0
CHEMBL241898,O=[N+]([O-])c1cc([N+](=O)[O-])c2cccnc2c1O,4.953895212753961,4.644548479873483
CHEMBL274452,c1ccc2c(c1)[nH]c1c(-c3c[nH]cn3)nccc12,5.452225294612178,5.939302159646388
CHEMBL275224,c1ccc2c(c1)[nH]c1cnccc12,4.045757490560675,5.920818753952375
CHEMBL301982,CC1=C(O)C(=O)C=C2C1=CC=C1[C@@]2(C)CC[C@@]2(C)[C@@H]3C[C@](C)(C(=O)O)CC[C@]3(C)CC[C@]12C,5.075204004202088,4.0
CHEMBL306946,O=C1c2ccccc2-n2c1nc1ccccc1c2=O,3.302160631781637,6.853871964321762
CHEMBL3086870,O=C1c2ccccc2-n2c1nc1ccc(F)cc1c2=O,3.063285241788796,6.617982957425132
CHEMBL3087009,O=C1c2cc(F)ccc2-n2c1nc1ccc(F)cc1c2=O,5.565431095965801,5.826813731587726
CHEMBL3087010,O=C1c2c(Cl)cccc2-n2c1nc1ccccc1c2=O,7.567030709125595,6.6439741428068775
CHEMBL312537,Cc1ccc2c(c1)C(=O)c1nc3ccccc3c(=O)n1-2,3.9164973801697327,6.735182176990463
CHEMBL3192687,O=S(=O)(/N=C/c1c(O)ccc2ccccc12)c1cccs1,5.856985199745905,4.946537395074545
CHEMBL3342402,Cc1ccc(-c2csc3nnc(SCC(=O)Nc4ccc5c(c4)OCO5)n23)cc1,5.522878745280337,4.204119982655925
CHEMBL3545369,NS(=O)(=O)NCCNc1nonc1/C(=N/O)Nc1ccc(F)c(Br)c1,8.0,4.805430160771357
CHEMBL355606,Fc1ccc2c(/C=C/c3cccnc3)c[nH]c2c1,3.4559319556497243,6.958607314841775
CHEMBL3612772,CN(C)CCNC(=O)c1c2c(n3ccccc13)C(=O)c1ncccc1C2=O,6.896196279044043,5.474955192963154
CHEMBL3628551,O=C1c2ccccc2C(=O)c2c1nnn2Cc1cccc(Cl)c1,6.115204636051019,6.148130399270234
CHEMBL3628552,O=C1c2ccccc2C(=O)c2c1nnn2Cc1ccc(F)cc1,5.587203571283457,5.131943638176958
CHEMBL3628553,Cc1ccc(Cn2nnc3c2C(=O)c2ccccc2C3=O)cc1,5.752026733638194,5.963371104637839
CHEMBL3628554,O=C1c2ccccc2C(=O)c2c1nnn2Cc1cccc(Br)c1,5.499900808084277,6.114638779968488
CHEMBL3628555,O=C1c2ccccc2C(=O)c2c1nnn2Cc1ccc(Br)cc1,5.0,5.799696817018415
CHEMBL3628556,O=C1c2ccccc2C(=O)c2c1nnn2Cc1ccc(Cl)cc1,5.0,5.189767482004916
CHEMBL3628593,O=C(O)c1cccc(Cn2nnc3c2C(=O)c2ccccc2C3=O)c1,5.905878404159439,6.777283528852417
CHEMBL3628594,O=C(O)c1ccc(Cn2nnc3c2C(=O)c2ccccc2C3=O)cc1,5.633950790199765,6.505845405981557
CHEMBL3628595,CCN(CC)C(=O)c1cccc(Cn2nnc3c2C(=O)c2ccccc2C3=O)c1,6.0101054362812265,7.045757490560675
CHEMBL3628596,CCN(CC)C(=O)c1ccc(Cn2nnc3c2C(=O)c2ccccc2C3=O)cc1,5.714892970433188,6.7423214251308154
CHEMBL3628597,CC(=O)N1CCN(C(=O)c2cccc(Cn3nnc4c3C(=O)c3ccccc3C4=O)c2)CC1,6.220403508742176,7.229147988357855
CHEMBL3628598,O=C1c2ccccc2C(=O)c2c1nnn2Cc1cccc(C(=O)N2CCOCC2)c1,6.028724151261895,7.318758762624412
CHEMBL3628599,CN1CCN(C(=O)c2cccc(Cn3nnc4c3C(=O)c3ccccc3C4=O)c2)CC1,6.1938200260161125,7.522878745280337
CHEMBL3628600,CC(=O)N1CCN(C(=O)c2ccc(Cn3nnc4c3C(=O)c3ccccc3C4=O)cc2)CC1,5.959793372425289,6.7544873321858505
CHEMBL3628601,O=C1c2ccccc2C(=O)c2c1nnn2Cc1ccc(C(=O)N2CCOCC2)cc1,6.00788851221305,6.935542010773082
CHEMBL3628602,CN1CCN(C(=O)c2ccc(Cn3nnc4c3C(=O)c3ccccc3C4=O)cc2)CC1,5.684239509334265,6.966576244513051
CHEMBL3628603,COC1CCN(C(=O)c2ccc(Cn3nnc4c3C(=O)c3ccccc3C4=O)cc2)CC1,5.797784224198868,6.679853713888946
CHEMBL3628604,CCN(CC)C(=O)Cc1ccc(Cn2nnc3c2C(=O)c2ccccc2C3=O)cc1,6.035363296211498,6.838631997765025
CHEMBL3629569,OC(CC1c2ccccc2-c2cncn21)C1CCCCC1,6.0,6.0
CHEMBL3629570,O=C(CC1c2ccccc2-c2cncn21)C1CCCCC1,6.0,6.0
CHEMBL372363,COc1ccccc1-c1c[nH]nn1,4.0,4.0
CHEMBL3745873,Nc1oc2c(-c3ccnc(N4CCOCC4)c3)nccc2c1Nc1ccc(F)c(Cl)c1,6.698970004336019,5.698970004336019
CHEMBL377478,Cc1coc2c1C(=O)C(=O)c1c-2ccc2c1CC[C@H](O)C2(C)C,5.0,5.0
CHEMBL382312,Brc1cccc(-c2c[nH]nn2)c1,5.698970004336019,4.0
CHEMBL38596,c1csc(-c2nccc3c2[nH]c2ccccc23)c1,4.301029995663981,4.964970717797632
CHEMBL3909480,Cc1n[nH]c2c1C(c1ccc(F)c(Cl)c1)c1c([nH]c(=O)[nH]c1=O)O2,6.3585258894959,5.522878745280337
CHEMBL3913434,Cc1n[nH]c2c1C(c1ccc(F)c(Cl)c1)c1c(C)n[nH]c1O2,6.585026652029182,5.522878745280337
CHEMBL3913975,N#CC1=C(N)Nc2[nH]c(=O)[nH]c(=O)c2C1c1cccc(Cl)c1,6.325138859262188,5.522878745280337
CHEMBL3927265,Nc1n[nH]c2c1C(c1ccc(F)c(Cl)c1)c1c(N)n[nH]c1O2,6.422508200162775,5.522878745280337
CHEMBL3930308,Cc1n[nH]c2c1C(c1ccc(F)cc1)c1c(C)n[nH]c1O2,6.319664486585436,5.522878745280337
CHEMBL3936225,COc1ccc(C2c3c(C)n[nH]c3Oc3[nH]nc(N)c32)cc1O,6.401209493236885,5.522878745280337
CHEMBL3940383,Cc1n[nH]c2c1C(c1ccc(F)c(F)c1)c1c(C)n[nH]c1O2,6.355561410532162,5.522878745280337
CHEMBL3945146,Cc1n[nH]c2c1C(c1ccc(F)c(F)c1)c1c(N)n[nH]c1O2,6.82102305270683,5.522878745280337
CHEMBL3966057,Nc1n[nH]c2c1C(c1ccc(F)c(F)c1)c1c(N)n[nH]c1O2,6.621602099051862,5.522878745280337
CHEMBL3971417,Cc1n[nH]c2c1C(c1ccc(F)c(F)c1)c1c([nH]c(=O)[nH]c1=O)O2,6.3872161432802645,5.522878745280337
CHEMBL3971895,N#Cc1c(-c2cccc(Cl)c2)c2c(=O)[nH]c(=O)[nH]c2[nH]c1=O,6.528708288941061,5.522878745280337
CHEMBL3972619,Oc1ccc(CNc2cc(Br)cc3[nH]ncc23)cc1,5.275724130399211,5.732828271596986
CHEMBL3974564,Cc1n[nH]c2c1C(c1ccc(F)c(Cl)c1)c1c(N)n[nH]c1O2,6.462180904926726,5.522878745280337
CHEMBL3989951,O[C@H](C[C@H]1c2c(F)cccc2-c2cncn21)[C@H]1CC[C@H](O)CC1,7.886056647693163,6.853871964321762
CHEMBL4086143,O=C1CC(c2c[nH]c3ccc(F)cc23)C(=O)N1,9.920818753952375,5.0
CHEMBL4092918,O=C1c2ccccc2C2=C3C(O)=NN=C3CCN12,5.764471553092451,5.361510743045363
CHEMBL4160797,Oc1ccc(Cl)cc1-c1cncn1Cc1cc2cc(F)ccc2[nH]1,7.471083299722345,4.2644011003018205
CHEMBL4161733,C[C@@H](C(=O)Nc1ccc(Cl)cc1)[C@H]1CC[C@@H](c2ccnc3ccc(F)cc32)CC1,9.301029995663981,5.0
CHEMBL4165309,Oc1ccc(F)cc1-c1cncn1Cc1cc2cc(F)ccc2[nH]1,6.94692155651658,4.075720713938118
CHEMBL4237632,Cc1ccccc1NC(=O)c1c2c(n3ccccc13)C(=O)c1cccnc1C2=O,6.872895201635193,4.0
CHEMBL4239450,O=C([O-])c1cccc(NC(=O)c2c3c(n4ccccc24)C(=O)c2cccnc2C3=O)c1.[K+],6.4089353929735005,4.0
CHEMBL4242333,O=C1c2cccnc2C(=O)c2c1c(C(=O)Nc1ccccc1)c1ccccn21,6.442492798094342,5.136677139879544
CHEMBL4243692,O=C([O-])c1cccc(NC(=O)c2c3c(n4ccccc24)C(=O)c2ncccc2C3=O)c1.[K+],6.8297382846050425,4.380906669373257
CHEMBL4245134,NC(=S)NNC(=O)c1c2c(n3ccccc13)C(=O)c1ncccc1C2=O,7.638272163982407,5.920818753952375
CHEMBL4245579,CN(C)CCNC(=O)c1c2c(n3ccccc13)C(=O)c1cccnc1C2=O,5.9083330424043154,5.145693958198919
CHEMBL4248088,O=C1c2ncccc2C(=O)c2c1c(C(=O)Nc1ccccc1)c1ccccn21,6.924453038607469,4.0
CHEMBL4250771,Cc1ccccc1NC(=O)c1c2c(n3ccccc13)C(=O)c1ncccc1C2=O,6.369572124974976,4.0
CHEMBL4276879,Nc1sc2ccccc2c1Sc1cccc(Cl)c1,6.0,5.698970004336019
CHEMBL4276886,CNC(=O)c1cc(-c2nccc3c(Nc4ccc(F)c(C(F)(F)F)c4)c(N)oc23)ccn1,6.698970004336019,5.698970004336019
CHEMBL4276888,Cc1cc(-c2cccc3c(Nc4cccc(Cl)c4)c(N)sc23)ccn1,6.698970004336019,6.301029995663981
CHEMBL4276905,Nc1oc2c(-c3ccccc3Cl)nccc2c1Nc1ccc(F)c(F)c1,6.698970004336019,6.301029995663981
CHEMBL4276969,C#Cc1cc(Nc2c(N)oc3c(-c4ccncc4)nccc23)ccc1F,6.698970004336019,6.301029995663981
CHEMBL4277061,COc1cc2c(Nc3ccc(F)c(Cl)c3)c(N)oc2cn1,6.698970004336019,6.301029995663981
CHEMBL4277115,Nc1oc2cnccc2c1Nc1ccc(F)cc1,6.698970004336019,6.301029995663981
CHEMBL4277163,Cc1cc(Cl)cc(Nc2c(N)oc3cnccc23)c1,6.698970004336019,6.301029995663981
CHEMBL4277184,Nc1sc2ccccc2c1Nc1ccccc1,6.698970004336019,6.301029995663981
CHEMBL4277268,Nc1oc2cnc(F)cc2c1Nc1ccc(F)c(C(F)(F)F)c1,6.698970004336019,6.301029995663981
CHEMBL4277355,CC(C)Oc1cccc(Nc2c(N)oc3cnccc23)c1,6.0,5.698970004336019
CHEMBL4277452,Cc1ccc(Nc2c(N)oc3cnccc23)cc1C,6.698970004336019,6.301029995663981
CHEMBL4277466,Nc1oc2c[n+]([O-])ccc2c1Nc1ccc(F)c(Cl)c1,6.698970004336019,6.301029995663981
CHEMBL4277566,Nc1oc2cnccc2c1Nc1cccnc1,6.0,6.301029995663981
CHEMBL4277636,Cc1cc(Nc2c(N)oc3cnccc23)ccc1F,6.698970004336019,6.301029995663981
CHEMBL4277745,Nc1oc2c(-c3ccc4ccccc4c3)nccc2c1Nc1ccc(F)c(Cl)c1,6.698970004336019,5.698970004336019
CHEMBL4277781,O=C1c2ccccc2C(=O)c2c1ncn2Cc1cccc(Cl)c1,4.0,4.0
CHEMBL4277866,COc1ccccc1-c1nccc2c(Nc3ccc(F)c(F)c3)c(N)oc12,6.698970004336019,6.301029995663981
CHEMBL4278098,N#Cc1ccc2c(Nc3cccc(C(F)(F)F)c3)c(N)oc2c1,6.698970004336019,6.301029995663981
CHEMBL4278199,Nc1sc2ccccc2c1Nc1cccc(C(F)(F)F)c1,6.698970004336019,5.698970004336019
CHEMBL4278213,CCOC(=O)Nc1oc2c(C#N)nccc2c1N(C(=O)OCC)c1ccc(F)c(C(F)(F)F)c1,6.0,5.698970004336019
CHEMBL4278281,Nc1oc2cnc(F)cc2c1Nc1cccc(C(F)(F)F)c1,6.698970004336019,6.301029995663981
CHEMBL4278347,Nc1oc2cncc(Cl)c2c1Nc1ccc(Cl)c(F)c1,6.0,6.301029995663981
CHEMBL4278364,Nc1sc2ccc(Cl)cc2c1Nc1ccccc1,6.698970004336019,5.698970004336019
CHEMBL4278386,CC(C)(C)c1cccc(Nc2c(N)oc3cnccc23)c1,6.0,5.698970004336019
CHEMBL4278408,Nc1oc2cnccc2c1Nc1ccc2c(c1)CCCC2,6.0,5.698970004336019
CHEMBL4278457,Cc1cccc(Nc2c(N)oc3cc(C#N)ccc23)c1,6.698970004336019,5.698970004336019
CHEMBL4278469,Nc1oc2c(-c3ccc4c(c3)OCO4)nccc2c1Nc1ccc(F)c(Cl)c1,6.698970004336019,6.301029995663981
CHEMBL4278584,Nc1sc2c(-c3ccccc3)cccc2c1Nc1ccc(F)c(Cl)c1,6.698970004336019,5.698970004336019
CHEMBL4278645,Nc1oc2cnccc2c1Nc1cccc(C(F)(F)F)c1,6.698970004336019,6.301029995663981
CHEMBL4278716,Cl.Nc1sc2ccc(Cl)cc2c1Nc1cccc(C(F)(F)F)c1,6.698970004336019,6.301029995663981
CHEMBL4278779,Cc1ncc(C)c2c(Nc3ccc(F)c(Cl)c3)c(N)oc12,6.698970004336019,6.301029995663981
CHEMBL4278848,Cc1ccc(Nc2c(N)oc3cnccc23)cc1Br,6.698970004336019,6.301029995663981
CHEMBL4278982,CCCNC(=O)c1cc(-c2nccc3c(Nc4ccc(F)c(Cl)c4)c(N)oc23)ccn1,6.698970004336019,5.698970004336019
CHEMBL4279004,CCOC(=O)Nc1oc2c(-c3cc(C)nc(C)c3)nccc2c1Nc1ccc(F)c(Cl)c1,6.0,5.698970004336019
CHEMBL4279010,C#Cc1cccc(Nc2c(N)sc3ccccc23)c1,6.698970004336019,5.698970004336019
CHEMBL4279026,Cc1cc(-c2nc(F)cc3c(Nc4ccc(F)c(Cl)c4)c(N)oc23)ccn1,6.698970004336019,6.301029995663981
CHEMBL4279040,Nc1sc2ccccc2c1Nc1ccc(F)c(F)c1,6.698970004336019,6.301029995663981
CHEMBL4279060,Nc1oc2c(-c3ccncc3)nccc2c1Nc1ccc(F)c(F)c1,6.698970004336019,6.301029995663981
CHEMBL4279220,CC(=O)N[C@@H](CC1C(=O)Nc2ccccc21)C(=O)O,6.2076083105017466,4.078469586498757
CHEMBL4279234,C#Cc1cccc(Nc2c(N)oc3c(C)nccc23)c1,6.698970004336019,6.301029995663981
CHEMBL4279253,CCOC(=O)Nc1oc2c(-c3ccncc3)nccc2c1N(C(=O)OCC)c1ccc(F)c(C(F)(F)F)c1,6.0,5.698970004336019
CHEMBL4279365,CC(=O)CC(=O)/C=C1\C(=O)Nc2ccc(Cl)cc21,6.721246399047171,4.398809467384666
CHEMBL4279406,Nc1oc2cnccc2c1Nc1ccc(F)c(C(F)(F)F)c1,6.698970004336019,6.301029995663981
CHEMBL4279449,N#Cc1nccc2c(Nc3ccc(F)c(F)c3)c(N)oc12,6.698970004336019,6.301029995663981
CHEMBL4279530,Cc1cc(-c2cccc3c(Nc4ccc(F)c(Cl)c4)c(N)oc23)ccn1,6.698970004336019,5.698970004336019
CHEMBL4279536,Nc1oc2c(-c3ccncc3)nccc2c1Nc1ccc(F)c(Cl)c1,6.698970004336019,6.301029995663981
CHEMBL4279587,Nc1oc2cnccc2c1Nc1ccc(C(F)(F)F)cc1,6.0,6.301029995663981
CHEMBL4279613,Nc1sc2ccccc2c1Nc1cccc(Cl)c1,6.698970004336019,6.301029995663981
CHEMBL4279627,Nc1oc2c(-c3ccncc3)nccc2c1Nc1ccc(F)c(C(F)(F)F)c1,6.698970004336019,6.301029995663981
CHEMBL4279698,Nc1sc2c(-c3ccncc3)cccc2c1Nc1ccc(F)c(Cl)c1,6.698970004336019,6.301029995663981
CHEMBL4279754,Nc1sc2ccc(Cl)cc2c1Nc1ccc(F)c(C(F)(F)F)c1,6.698970004336019,5.698970004336019
CHEMBL4279780,Nc1oc2cnccc2c1Nc1ccc(F)c(F)c1,6.698970004336019,6.301029995663981
CHEMBL4279821,CCc1nccc2c(Nc3ccc(F)c(Cl)c3)c(N)oc12,6.698970004336019,6.301029995663981
CHEMBL4280005,Nc1sc2ccccc2c1Nc1ccc(F)cc1,6.698970004336019,5.698970004336019
CHEMBL4280079,Cc1cc(-c2nccc3c(Nc4ccc(F)c(Cl)c4)c(N)oc23)cc(C)n1,6.698970004336019,5.698970004336019
CHEMBL4280094,N#Cc1ccc2c(Nc3ccc(F)c(Cl)c3)c(N)sc2c1,6.0,5.698970004336019
CHEMBL4280101,Nc1sc2cnc(F)cc2c1Nc1ccc(F)c(F)c1,6.698970004336019,6.301029995663981
CHEMBL4280108,Cc1cc(-c2nccc3c(Nc4cccc(F)c4)c(N)oc23)ccn1,6.698970004336019,6.301029995663981
CHEMBL4280114,Nc1oc2cnccc2c1Nc1cccc2c1CCCC2,6.0,5.698970004336019
CHEMBL4280130,Nc1oc2c(-c3cc(F)cc(F)c3)nccc2c1Nc1ccc(F)c(Cl)c1,6.698970004336019,6.301029995663981
CHEMBL4280350,Cc1cc(-c2nccc3c(Nc4ccccc4Cl)c(N)oc23)ccn1,6.698970004336019,6.301029995663981
CHEMBL4280480,Cc1cc(-c2nccc3c(Nc4ccccc4N4CCCCC4)c(N)oc23)ccn1,6.0,5.698970004336019
CHEMBL4280494,Cc1cc(C)cc(Nc2c(N)oc3cnccc23)c1,6.698970004336019,6.301029995663981
CHEMBL4280505,CCCCCNC(=O)c1cc(-c2nccc3c(Nc4ccc(F)c(Cl)c4)c(N)oc23)ccn1,6.698970004336019,5.698970004336019
CHEMBL4280522,N#Cc1nccc2c(Nc3cc(F)cc(F)c3)c(N)oc12,6.0,6.301029995663981
CHEMBL4280533,COc1cc2c(Nc3ccc(F)c(Cl)c3)c(N)oc2c(-c2ccc(C#N)cc2)n1,6.698970004336019,5.698970004336019
CHEMBL4280727,Nc1oc2c(-c3ccncc3)nccc2c1Nc1cccc(C(F)(F)F)c1,6.698970004336019,6.301029995663981
CHEMBL4280768,Cc1cc(-c2nc(F)cc3c(Nc4ccc(F)c(F)c4)c(N)oc23)ccn1,6.698970004336019,6.301029995663981
CHEMBL4280928,Nc1oc2c(-c3ccncc3)nccc2c1Nc1cc(F)cc(F)c1,6.698970004336019,6.301029995663981
CHEMBL4281007,CNC(=O)c1cc(-c2nccc3c(Nc4ccc(F)c(Cl)c4)c(N)oc23)ccn1,6.698970004336019,6.301029995663981
CHEMBL4281024,Nc1oc2cnccc2c1Nc1ccc(I)c(Cl)c1,6.0,6.301029995663981
CHEMBL4281087,CC(C)(C)c1cc(Nc2c(N)oc3cnccc23)cc(C(C)(C)C)c1,6.0,6.301029995663981
CHEMBL4281155,Cc1ccc2sc(N)c(Nc3ccc(F)c(F)c3)c2c1,6.698970004336019,5.698970004336019
CHEMBL4281167,O=C1c2cccnc2C(=O)c2sc(-c3cscn3)nc21,7.657577319177793,6.492819022739759
CHEMBL4281184,Nc1oc2cnccc2c1Nc1ccc(F)c(OC(F)(F)F)c1,6.698970004336019,5.698970004336019
CHEMBL4281187,C#Cc1cccc(Nc2c(N)oc3cnccc23)c1,6.698970004336019,6.301029995663981
CHEMBL4281233,Cc1ccccc1Cn1cnc2c1C(=O)c1ccccc1C2=O,4.0,4.0
CHEMBL4281374,CNC(=O)c1cc(-c2nccc3c(Nc4ccc(F)cc4)c(N)oc23)ccn1,6.698970004336019,6.301029995663981
CHEMBL4281552,Nc1oc2cnccc2c1Nc1ccc(Cl)c(Cl)c1,6.698970004336019,6.301029995663981
CHEMBL4281561,Nc1oc2c(-c3cc(F)ccc3Cl)nccc2c1Nc1ccc(F)c(Cl)c1,6.698970004336019,6.301029995663981
CHEMBL4281581,O=C1c2ncccc2C(=O)c2sc(-c3ccncc3)nc21,6.682145510668531,6.164753460003689
CHEMBL4281808,Nc1oc2c(-c3cccc4ccccc34)nccc2c1Nc1ccc(F)c(Cl)c1,6.698970004336019,6.301029995663981
CHEMBL4281809,CCOC(=O)Nc1oc2c(-c3cccc(C#N)c3)nccc2c1N(C(=O)OCC)c1ccc(F)c(Cl)c1,6.0,5.698970004336019
CHEMBL4281858,Nc1oc2c(N3CCOCC3)nccc2c1Nc1ccc(F)c(Cl)c1,6.698970004336019,6.301029995663981
CHEMBL4281872,Nc1oc2cnc(F)cc2c1Nc1ccc(F)c(Cl)c1,6.698970004336019,6.301029995663981
CHEMBL4282227,Nc1sc2ccccc2c1Nc1ccc(Br)c(C(F)(F)F)c1,6.698970004336019,5.698970004336019
CHEMBL4282241,CC(F)(F)c1cc(Nc2c(N)oc3cnccc23)ccc1F,6.698970004336019,5.698970004336019
CHEMBL4282272,Nc1oc2cnccc2c1Nc1ccc(Cc2ccccc2)cc1,6.0,6.301029995663981
CHEMBL4282281,Nc1oc2c(-c3ccncc3)nc(F)cc2c1Nc1ccc(F)c(Cl)c1,6.698970004336019,6.301029995663981
CHEMBL4282298,Cc1cc(-c2nccc3c(Nc4ccc(F)c(Cl)c4)c(N)oc23)ccn1,6.698970004336019,6.301029995663981
CHEMBL4282402,CNC(=O)c1cc(-c2nccc3c(Nc4ccc(F)c(F)c4)c(N)oc23)ccn1,6.698970004336019,6.301029995663981
CHEMBL4282546,CCc1cccc(Nc2c(N)oc3cnccc23)c1,6.698970004336019,5.698970004336019
CHEMBL4282590,Cc1cc(Nc2c(N)oc3cnccc23)ccc1Cl,6.698970004336019,6.301029995663981
CHEMBL4282826,Nc1oc2c(-c3ccc(F)cc3)nccc2c1Nc1ccc(F)c(Cl)c1,6.698970004336019,6.301029995663981
CHEMBL4282888,CCOC(=O)Nc1oc2c(-c3ccnc(C)c3)nccc2c1N(C(=O)OCC)c1ccc(F)c(F)c1,6.0,5.698970004336019
CHEMBL4282901,CCc1nccc2c(Nc3ccc(F)c(C(F)(F)F)c3)c(N)oc12,6.698970004336019,5.698970004336019
CHEMBL4282903,N#Cc1nccc2c(Nc3ccccc3Cl)c(N)oc12,6.698970004336019,5.698970004336019
CHEMBL4283091,COc1ccc(Cl)cc1Nc1c(N)oc2cnccc12,6.0,6.301029995663981
CHEMBL4283101,Nc1sc2ccccc2c1Nc1cccc(Br)c1,6.698970004336019,6.301029995663981
CHEMBL4283109,N[C@@H](CC1C(=O)Nc2ccccc21)C(=O)O,5.4698003017969175,4.220259248823259
CHEMBL4283161,Nc1oc2cnccc2c1Nc1ccc(Oc2ccccc2)cc1,6.0,5.698970004336019
CHEMBL4283286,N#Cc1nccc2c(Nc3ccc(F)c(C(F)(F)F)c3)c(N)oc12,6.698970004336019,6.301029995663981
CHEMBL4283317,Nc1oc2cc([N+](=O)[O-])ccc2c1Nc1ccc(F)c(Cl)c1,6.698970004336019,6.301029995663981
CHEMBL4283357,CCOC(=O)Nc1oc2c(-c3ccc(C(N)=O)cc3)nccc2c1Nc1ccc(F)c(Cl)c1,6.0,5.698970004336019
CHEMBL4283761,C#Cc1cccc(Nc2c(N)oc3c(CC)nccc23)c1,6.698970004336019,6.301029995663981
CHEMBL4283776,CCc1ccccc1Nc1c(N)sc2ccccc12.Cl,6.0,5.698970004336019
CHEMBL4283946,Nc1oc2c(/C=C/c3ccccc3)nccc2c1Nc1ccc(F)c(Cl)c1,6.698970004336019,6.301029995663981
CHEMBL4283957,Nc1oc2cnccc2c1Nc1cccc(Cc2ccccc2)c1,6.0,5.698970004336019
CHEMBL4284003,Nc1oc2cnccc2c1Nc1ccccc1Cl,6.0,5.698970004336019
CHEMBL4284116,Cc1cc(Br)ccc1Nc1c(N)sc2ccccc12,6.0,5.698970004336019
CHEMBL4284125,COc1cc(-c2nccc3c(Nc4ccc(F)c(Cl)c4)c(N)oc23)ccn1,6.698970004336019,6.301029995663981
CHEMBL4284269,Cc1cc(C)cc(-c2nccc3c(Nc4ccc(F)c(Cl)c4)c(N)oc23)c1,6.698970004336019,6.301029995663981
CHEMBL4284439,CC(C)c1nccc2c(Nc3ccc(F)c(Cl)c3)c(N)oc12,6.698970004336019,6.301029995663981
CHEMBL4284457,CNC(=O)c1cc(-c2nccc3c(Nc4cccc(C(F)(F)F)c4)c(N)oc23)ccn1,6.698970004336019,5.698970004336019
CHEMBL4284563,COc1cc2c(Nc3ccc(F)c(Cl)c3)c(N)oc2c(I)n1,6.698970004336019,5.698970004336019
CHEMBL4284584,Nc1oc2c(N(c3ccccc3)c3ccccc3)nccc2c1Nc1ccc(F)c(Cl)c1,6.698970004336019,5.698970004336019
CHEMBL4284608,Nc1oc2c(-c3ccnc(C(=O)Nc4ccccn4)c3)nccc2c1Nc1ccc(F)c(Cl)c1,6.698970004336019,5.698970004336019
CHEMBL4284653,Nc1oc2cnc(F)cc2c1Nc1ccccc1Cl,6.698970004336019,6.301029995663981
CHEMBL4284726,COc1cncc2oc(N)c(Nc3ccc(F)c(Cl)c3)c12,6.0,6.301029995663981
CHEMBL4285043,Nc1oc2c(C3CCCCC3)nccc2c1Nc1ccc(F)c(Cl)c1,6.698970004336019,6.301029995663981
CHEMBL4285062,O=C1c2ccccc2C(=O)c2c1nc(-c1ccncc1)n2Cc1cccc(Cl)c1,5.481486060122113,4.0
CHEMBL4285144,Nc1oc2cnccc2c1Nc1cccc(I)c1,6.698970004336019,6.301029995663981
CHEMBL4285170,Cc1cc(-c2nccc3c(Nc4cccc(Cl)c4)c(N)oc23)ccn1,6.698970004336019,6.301029995663981
CHEMBL4285274,Nc1oc2c(-c3ccncc3)nccc2c1Nc1cccc(Cl)c1,6.698970004336019,6.301029995663981
CHEMBL4285433,CCCCNC(=O)c1cc(-c2nccc3c(Nc4ccc(F)c(Cl)c4)c(N)oc23)ccn1,6.698970004336019,5.698970004336019
CHEMBL4285529,Nc1oc2c(-c3ccccc3)nccc2c1Nc1cccc(C(F)(F)F)c1,6.698970004336019,5.698970004336019
CHEMBL4285571,Cc1cc(-c2nccc3c(Nc4cc(Cl)ccc4F)c(N)oc23)ccn1,6.698970004336019,5.698970004336019
CHEMBL4285660,Nc1oc2c(-c3ccnc(C(=O)NCCN4CCOCC4)c3)nccc2c1Nc1ccc(F)c(Cl)c1,6.698970004336019,6.301029995663981
CHEMBL4285752,O=C1c2ccccc2C(=O)c2sc(-c3ccncc3)nc21,7.581698708680254,5.795880017344075
CHEMBL4285852,COc1cc2c(Nc3ccc(F)c(Cl)c3)c(N)oc2c(C)n1,6.698970004336019,6.301029995663981
CHEMBL4285861,Nc1oc2c(-c3ccncc3)nccc2c1Nc1ccccc1Cl,6.698970004336019,6.301029995663981
CHEMBL4285874,Nc1oc2c(I)nccc2c1Nc1ccc(F)c(Cl)c1,6.698970004336019,6.301029995663981
CHEMBL4285928,Nc1oc2cnccc2c1Nc1cc(F)c(F)c(Br)c1,6.0,5.698970004336019
CHEMBL4286058,CCc1nccc2c(Nc3cccc(C(F)(F)F)c3)c(N)oc12,6.698970004336019,6.301029995663981
CHEMBL4286206,O=C1Nc2ccccc2/C1=N/c1ccccc1Br,5.906578314837765,4.334982174587528
CHEMBL4286322,Nc1oc2cnccc2c1Nc1ccc(Cl)c(Cl)c1Cl,6.0,5.698970004336019
CHEMBL4286481,O=C(N[C@@H](CC1C(=O)Nc2ccccc21)C(=O)O)OCc1ccccc1,5.892790030352131,4.565431095965801
CHEMBL4286487,N#Cc1nccc2c(Nc3ccc(F)c(Cl)c3)c(NC(=O)OCc3ccccc3)oc12,6.0,6.301029995663981
CHEMBL4286518,Nc1oc2cnccc2c1Nc1ccc(Br)cc1,6.0,6.301029995663981
CHEMBL4286554,CCc1cc(-c2nccc3c(Nc4ccc(F)c(Cl)c4)c(N)oc23)ccn1,6.698970004336019,6.301029995663981
CHEMBL4286702,Cc1ccc2sc(N)c(Nc3ccc(F)c(Cl)c3)c2c1,6.698970004336019,5.698970004336019
CHEMBL4286734,Nc1oc2c(F)nccc2c1Nc1ccc(F)c(C(F)(F)F)c1,6.698970004336019,6.301029995663981
CHEMBL4286735,N#Cc1ccc(Nc2c(N)oc3cnccc23)cc1,6.0,6.301029995663981
CHEMBL4286924,O=C(NCCC1C(=O)Nc2ccccc21)OCc1ccccc1,5.636388020107856,4.234108023569984
CHEMBL4286928,Cc1cc(-c2cccc3c(Nc4ccccc4)c(N)sc23)ccn1,6.698970004336019,6.301029995663981
CHEMBL4286979,Nc1oc2cnccc2c1Nc1ccccc1,6.698970004336019,6.301029995663981
CHEMBL4287091,CCCc1nccc2c(Nc3ccc(F)c(Cl)c3)c(N)oc12,6.698970004336019,5.698970004336019
CHEMBL4287133,Nc1oc2c(-c3ccncc3)nc(F)cc2c1Nc1ccc(F)c(F)c1,6.698970004336019,6.301029995663981
CHEMBL4287152,N#Cc1ccc(-c2nccc3c(Nc4ccc(F)c(Cl)c4)c(N)oc23)cc1,6.698970004336019,6.301029995663981
CHEMBL4287189,COc1cccc(-c2nccc3c(Nc4ccc(F)c(Cl)c4)c(N)oc23)c1,6.698970004336019,6.301029995663981
CHEMBL4287240,CCOC(=O)Nc1oc2c(-c3ccnc(C)c3)nccc2c1N(C(=O)OCC)c1ccc(F)c(Cl)c1,6.0,5.698970004336019
CHEMBL4287280,CCCCOc1cc2c(Nc3ccc(F)c(Cl)c3)c(N)oc2c(-c2ccccc2)n1,6.0,5.698970004336019
CHEMBL4287290,N#Cc1nccc2c(Nc3ccc(F)c(Cl)c3)c(N)oc12,6.698970004336019,6.301029995663981
CHEMBL4287297,Cc1ccc(Nc2c(N)oc3cnccc23)cc1Cl,6.698970004336019,6.301029995663981
CHEMBL4287350,Nc1oc2c(-c3ccccc3)nc(Oc3ccccc3)cc2c1Nc1ccc(F)c(Cl)c1,6.0,5.698970004336019
CHEMBL4287458,N#Cc1ccc2c(Nc3ccccc3Cl)c(N)oc2c1,6.0,5.698970004336019
CHEMBL4287480,COc1cc2c(Nc3ccc(F)c(Cl)c3)c(N)oc2c(Br)n1,6.698970004336019,5.698970004336019
CHEMBL4287546,Nc1oc2cnccc2c1Nc1ccc(Cl)cc1,6.0,6.301029995663981
CHEMBL4287776,CCOC(=O)Nc1sc2ccccc2c1Nc1ccc(F)c(Cl)c1,6.0,5.698970004336019
CHEMBL4287789,Nc1oc2c(F)nc(F)cc2c1Nc1ccc(F)c(Cl)c1,6.698970004336019,6.301029995663981
CHEMBL4288020,CCOC(=O)Nc1oc2c(Br)nccc2c1N(C(=O)OCC)c1ccc(F)c(Cl)c1,6.0,5.698970004336019
CHEMBL4288032,Nc1oc2cnccc2c1Nc1ccc(F)c(Cl)c1,6.698970004336019,6.301029995663981
CHEMBL4288159,CC(=O)c1ccc(Nc2c(N)oc3cnccc23)cc1,6.0,6.301029995663981
CHEMBL4288214,Cn1cc(-c2nccc3c(Nc4ccc(F)c(Cl)c4)c(N)oc23)cn1,6.698970004336019,6.301029995663981
CHEMBL4288257,Nc1oc2c(-c3cccc(C(F)(F)F)c3)nccc2c1Nc1ccc(F)c(Cl)c1,6.698970004336019,5.698970004336019
CHEMBL4288269,Cc1coc2c1C(=O)C(=O)c1c-2ccc2c1C=CCC2(C)C,5.0,5.0
CHEMBL4288277,Nc1oc2c(-c3ccnc(C(F)(F)F)c3)nccc2c1Nc1ccc(F)c(Cl)c1,6.698970004336019,5.698970004336019
CHEMBL4288369,Cc1cc(-c2nc(F)cc3c(Nc4cccc(Cl)c4)c(N)oc23)ccn1,6.698970004336019,6.301029995663981
CHEMBL4288412,Cc1nccc2c(Nc3ccc(F)c(Cl)c3)c(N)oc12,6.698970004336019,6.301029995663981
CHEMBL4288429,COC(=O)c1cccc(Cn2cnc3c2C(=O)c2ccccc2C3=O)c1,4.374687549038326,4.0
CHEMBL4288449,Nc1oc2cnccc2c1Nc1ccc(F)c(Cl)c1Cl,6.0,5.698970004336019
CHEMBL4288488,Nc1oc2c(-c3ccncc3)nccc2c1Nc1ccc(F)cc1,6.698970004336019,6.301029995663981
CHEMBL4288491,Nc1sc2ccccc2c1Nc1ccc(F)c(Cl)c1,6.698970004336019,6.301029995663981
CHEMBL4288607,Nc1oc2cnccc2c1Nc1cccc(C2CCCCC2)c1,6.0,6.301029995663981
CHEMBL4288670,Nc1oc2c(-c3cccc(Cl)c3)nccc2c1Nc1ccc(F)c(Cl)c1,6.698970004336019,5.698970004336019
CHEMBL4288676,Nc1oc2cnccc2c1Nc1ccc2c(c1)OCO2,6.698970004336019,6.301029995663981
CHEMBL4288790,CC(C)Oc1cc2c(Nc3ccc(F)c(Cl)c3)c(N)oc2c(-c2ccccc2)n1,6.0,5.698970004336019
CHEMBL4288820,Cl.Nc1sc2c(Br)cccc2c1Nc1ccc(F)c(Cl)c1,6.698970004336019,6.301029995663981
CHEMBL4288912,CCOC(=O)Nc1oc2c(C#N)nccc2c1N(C(=O)OCC)c1ccc(F)c(Cl)c1,6.0,5.698970004336019
CHEMBL4289059,CCOC(=O)Nc1oc2cnccc2c1N(C(=O)OCC)c1ccc(F)c(Cl)c1,6.0,5.698970004336019
CHEMBL4289072,COC(=O)c1ccc(-c2nccc3c(Nc4ccc(F)c(Cl)c4)c(N)oc23)cc1,6.698970004336019,6.301029995663981
CHEMBL4289074,CCOC(=O)Nc1oc2c(-c3ccccc3)nccc2c1Nc1ccc(F)c(Cl)c1,6.0,5.698970004336019
CHEMBL4289077,N#Cc1cccc(Nc2c(N)oc3cnccc23)c1F,6.0,5.698970004336019
CHEMBL4289093,Nc1oc2c(-c3ccnc(C(=O)Nc4ccccc4)c3)nccc2c1Nc1ccc(F)c(Cl)c1,6.698970004336019,5.698970004336019
CHEMBL4289193,Nc1sc2ccccc2c1Nc1ccc2c(c1)OCO2,6.698970004336019,5.698970004336019
CHEMBL4289261,Cc1ncc(CO)c2c(Nc3ccc(F)c(Cl)c3)c(N)oc12,6.0,5.698970004336019
CHEMBL4289267,Nc1oc2cnccc2c1Nc1ccccc1N1CCCCC1,6.0,5.698970004336019
CHEMBL4289441,Nc1oc2c(Br)nccc2c1Nc1ccc(F)c(Cl)c1,6.698970004336019,6.301029995663981
CHEMBL4289462,O=C1c2cccnc2C(=O)c2sc(-c3ccncc3)nc21,6.538351431936545,5.920818753952375
CHEMBL4289482,Nc1oc2cnccc2c1Nc1cccc(Cl)c1,6.698970004336019,6.301029995663981
CHEMBL4289501,Nc1oc2cnccc2c1Nc1ccc(F)c(Cl)c1F,6.698970004336019,6.301029995663981
CHEMBL4289506,COc1cc2c(Nc3ccc(F)c(Cl)c3)c(N)oc2c(-c2ccc(C(N)=O)cc2)n1,6.698970004336019,5.698970004336019
CHEMBL4289518,COc1ccc(Nc2c(N)oc3cnccc23)c(OC)c1,6.0,5.698970004336019
CHEMBL4289554,Nc1oc2cnccc2c1Nc1cccc(CC2CC2)c1,6.0,5.698970004336019
CHEMBL4289773,Nc1oc2c(-c3ccnc(C(=O)NC4CCCCC4)c3)nccc2c1Nc1ccc(F)c(Cl)c1,6.698970004336019,5.698970004336019
CHEMBL4289829,CC(C)(C)Oc1cc2c(Nc3ccc(F)c(Cl)c3)c(N)oc2c(-c2ccccc2)n1,6.0,6.301029995663981
CHEMBL4289945,CCCc1nccc2c(Nc3ccc(F)c(C(F)(F)F)c3)c(N)oc12,6.698970004336019,6.301029995663981
CHEMBL4290038,COc1cccc(Nc2c(N)sc3ccccc23)c1,6.698970004336019,6.301029995663981
CHEMBL4290045,CC(=O)/C=C1\C(=O)Nc2ccc(Cl)cc21,6.443697499232712,4.262092076625361
CHEMBL4290053,N#Cc1ccc2c(Nc3cccc(Br)c3)c(N)oc2c1,6.698970004336019,6.301029995663981
CHEMBL4290084,COC(=O)Nc1oc2cnccc2c1Nc1ccc(F)c(Cl)c1,6.0,5.698970004336019
CHEMBL4290194,Nc1oc2cnc(F)cc2c1Nc1cccc(Cl)c1,6.698970004336019,6.301029995663981
CHEMBL4290236,Cc1coc2c1c(=O)oc(=O)c1c3c(ccc12)C(C)(C)CCC3,5.0,5.0
CHEMBL4290305,Cc1ccc(S(=O)(=O)N/N=C2\C(=O)Nc3ccccc32)cc1,5.749579997691106,4.276544327964814
CHEMBL4290431,COC(=O)Nc1oc2cnccc2c1N(C(=O)OC)c1ccc(F)c(Cl)c1,6.0,5.698970004336019
CHEMBL4290511,COc1cc(Nc2c(N)oc3cnccc23)ccc1Cl,6.0,6.301029995663981
CHEMBL4290549,COc1cc2c(Nc3ccc(F)c(Cl)c3)c(N)oc2c(-c2ccc(F)cc2)n1,6.698970004336019,6.301029995663981
CHEMBL4290604,Nc1oc2cnccc2c1Nc1cccc(-c2ccccc2)c1,6.0,5.698970004336019
CHEMBL4290639,Cc1cc(-c2nccc3c(Nc4cccc(Cl)c4F)c(N)oc23)ccn1,6.698970004336019,5.698970004336019
CHEMBL4290668,CNC(=O)c1cc(-c2nccc3c(Nc4cccc(Cl)c4)c(N)oc23)ccn1,6.698970004336019,6.301029995663981
CHEMBL4290878,Nc1oc2cnccc2c1Nc1ccc(F)cc1Br,6.0,5.698970004336019
CHEMBL4290911,Nc1oc2cnc(Cl)cc2c1Nc1ccc(F)c(Cl)c1,6.698970004336019,6.301029995663981
CHEMBL4290965,CCCc1nccc2c(Nc3cccc(C(F)(F)F)c3)c(N)oc12,6.698970004336019,5.698970004336019
CHEMBL4290983,Nc1oc2cnccc2c1Nc1ccc(OC(F)(F)F)cc1,6.0,6.301029995663981
CHEMBL4290984,Cl.Nc1sc2ccccc2c1Oc1cccc(Cl)c1,6.0,5.698970004336019
CHEMBL4291007,Cc1cc(-c2nc(C)cc3c(Nc4ccc(F)c(Cl)c4)c(N)oc23)ccn1,6.698970004336019,5.698970004336019
CHEMBL4291087,CC(C)(C)NC(=O)c1cc(-c2nccc3c(Nc4ccc(F)c(Cl)c4)c(N)oc23)ccn1,6.698970004336019,5.698970004336019
CHEMBL4291105,Cc1cccc(Nc2c(N)sc3ccccc23)c1C,6.0,6.301029995663981
CHEMBL4291232,CCc1cc2c(Nc3ccc(F)c(Cl)c3)c(N)oc2c(-c2ccccc2)n1,6.698970004336019,5.698970004336019
CHEMBL4291240,CNC(=O)c1cc(-c2nccc3c(Nc4ccccc4Cl)c(N)oc23)ccn1,6.698970004336019,6.301029995663981
CHEMBL4291289,Nc1sc2ccc(Br)cc2c1Nc1ccc(F)c(Cl)c1,6.698970004336019,5.698970004336019
CHEMBL4291312,Nc1oc2c(-c3ccnc(C(=O)N4CCOCC4)c3)nccc2c1Nc1ccc(F)c(Cl)c1,6.698970004336019,6.301029995663981
CHEMBL4291358,Nc1oc2cnccc2c1Nc1ccc(F)cc1Cl,6.0,6.301029995663981
CHEMBL4291671,Nc1oc2c(F)nccc2c1Nc1ccc(F)c(Cl)c1,6.698970004336019,6.301029995663981
CHEMBL4291734,Nc1oc2cnc(F)cc2c1Nc1ccc(F)cc1,6.698970004336019,6.301029995663981
CHEMBL4291741,N#Cc1cccc(Nc2c(N)oc3cnccc23)c1,6.0,5.698970004336019
CHEMBL4291792,O=C1c2ncccc2C(=O)c2sc(-c3cscn3)nc21,7.7447274948966935,6.668572703479257
CHEMBL4291800,CCOC(=O)Nc1oc2cnccc2c1Nc1ccc(F)c(Cl)c1,6.0,5.698970004336019
CHEMBL4291805,Cl.Nc1sc2ccc(Cl)cc2c1Nc1ccc(F)c(Cl)c1,6.698970004336019,5.698970004336019
CHEMBL4291850,O=C(O)c1cccc(Cn2cnc3c2C(=O)c2ccccc2C3=O)c1,4.958607314841775,4.0
CHEMBL4291859,Cc1ccc(Nc2c(N)oc3cnccc23)cc1,6.0,6.301029995663981
CHEMBL4292025,Nc1oc2cnccc2c1Nc1cc(Cl)c(F)cc1F,6.0,5.698970004336019
CHEMBL4292046,Cc1cc(-c2cccc3c(Nc4ccc(F)cc4)c(N)sc23)ccn1,6.698970004336019,6.301029995663981
CHEMBL4292132,CC(C)CNC(=O)c1cc(-c2nccc3c(Nc4ccc(F)c(Cl)c4)c(N)oc23)ccn1,6.698970004336019,5.698970004336019
CHEMBL4292240,CC(C)c1cccc(Nc2c(N)oc3cnccc23)c1,6.698970004336019,5.698970004336019
CHEMBL4292285,CCOC(=O)Nc1oc2c(I)nccc2c1N(C(=O)OCC)c1ccc(F)c(Cl)c1,6.0,5.698970004336019
CHEMBL4292321,Nc1oc2cnccc2c1Nc1cccc(CC2CCC2)c1,6.0,5.698970004336019
CHEMBL4292367,Nc1oc2c(-c3ccnc(C(=O)N4CCCCC4)c3)nccc2c1Nc1ccc(F)c(Cl)c1,6.698970004336019,6.301029995663981
CHEMBL4292487,Nc1sc2ccccc2c1Nc1cccc(F)c1,6.698970004336019,6.301029995663981
CHEMBL4292539,Nc1oc2cnccc2c1Nc1cc(Cl)c(F)c(Cl)c1,6.0,6.301029995663981
CHEMBL4292556,O=C(Nc1oc2cnccc2c1Nc1ccc(F)c(Cl)c1)OCc1ccccc1,6.0,6.301029995663981
CHEMBL4292681,Nc1oc2c(-c3cccnc3)nccc2c1Nc1ccc(F)c(Cl)c1,6.698970004336019,6.301029995663981
CHEMBL4292689,Nc1sc2cnccc2c1Nc1ccc(F)c(Cl)c1,6.0,5.698970004336019
CHEMBL4292762,COc1ccccc1-c1nccc2c(Nc3ccc(F)c(Cl)c3)c(N)oc12,6.698970004336019,6.301029995663981
CHEMBL4292812,Nc1oc2c(-c3cc(Cl)cc(Cl)c3)nccc2c1Nc1ccc(F)c(Cl)c1,6.698970004336019,5.698970004336019
CHEMBL4292840,Nc1sc2ccccc2c1Nc1ccc(F)c(C(F)(F)F)c1,6.698970004336019,5.698970004336019
CHEMBL4292857,CCOc1cc2c(Nc3ccc(F)c(Cl)c3)c(N)oc2c(-c2ccccc2)n1,6.0,5.698970004336019
CHEMBL4292907,Cc1ccccc1Cn1c(-c2ccncc2)nc2c1C(=O)c1ccccc1C2=O,4.298432014944073,4.0
CHEMBL4293117,CCOC(=O)Nc1oc2c(C#Cc3ccc(C(N)=O)cc3)nccc2c1N(C(=O)OCC)c1ccc(F)c(Cl)c1,6.0,5.698970004336019
CHEMBL4293178,Nc1sc2ccc(Cl)cc2c1Nc1ccc(F)cc1,6.698970004336019,6.301029995663981
CHEMBL4293249,Nc1oc2cnccc2c1Nc1cccc(C2CC2)c1,6.698970004336019,5.698970004336019
CHEMBL4293312,O=C1c2ccccc2C(=O)c2[nH]c(-c3cscn3)nc21,6.9222688203476075,7.13608262304214
CHEMBL4293330,Cc1ccc(Nc2c(N)oc3cnccc23)c(C)c1,6.0,6.301029995663981
CHEMBL4293426,CCOC(=O)C(C(=O)OCC)=C1C(=O)Nc2ccccc21,6.031517051446065,4.148680487351255
CHEMBL4293453,Cc1cc(-c2nccc3c(Nc4ccc(F)cc4F)c(N)oc23)ccn1,6.698970004336019,6.301029995663981
CHEMBL4293499,CCOC(=O)Nc1oc2c(-c3cc(C)nc(C)c3)nccc2c1N(C(=O)OCC)c1ccc(F)c(Cl)c1,6.0,5.698970004336019
CHEMBL4293507,CN(c1ccccc1)c1c(N)sc2ccccc12.Cl,6.0,5.698970004336019
CHEMBL4293556,Nc1oc2cnccc2c1Nc1cccc(F)c1,6.698970004336019,6.301029995663981
CHEMBL4293604,O=C1Nc2ccccc2/C1=N/Nc1ccccc1C(F)(F)F,5.801342913045577,4.416687848016922
CHEMBL4293633,Cc1cc(-c2nccc3c(Nc4ccccc4)c(N)oc23)ccn1,6.698970004336019,6.301029995663981
CHEMBL4293716,Nc1oc2c(-c3ccccc3Cl)nccc2c1Nc1ccc(F)c(Cl)c1,6.698970004336019,6.301029995663981
CHEMBL4293768,Cc1cc(-c2nccc3c(Nc4cccc(C(F)(F)F)c4)c(N)oc23)ccn1,6.698970004336019,6.301029995663981
CHEMBL4293836,CC(C)(C)c1cc(-c2nccc3c(Nc4ccc(F)c(Cl)c4)c(N)oc23)ccn1,6.698970004336019,5.698970004336019
CHEMBL4293992,Nc1oc2c(-c3ccccc3)nccc2c1Nc1ccc(F)c(Cl)c1,6.698970004336019,6.301029995663981
CHEMBL4294010,Nc1sc2ccccc2c1Nc1ccc(Cl)c(C(F)(F)F)c1,6.698970004336019,5.698970004336019
CHEMBL4294038,Nc1oc2c(-c3cc(F)nc(F)c3)nccc2c1Nc1ccc(F)c(Cl)c1,6.698970004336019,6.301029995663981
CHEMBL4294184,Nc1oc2cnccc2c1Nc1ccc(F)c(Br)c1,6.698970004336019,6.301029995663981
CHEMBL4294302,NC(=O)c1ccc(-c2nccc3c(Nc4ccc(F)c(Cl)c4)c(N)oc23)cc1,6.698970004336019,6.301029995663981
CHEMBL4294365,Nc1oc2cnccc2c1Nc1cc(Cl)ccc1Cl,6.0,5.698970004336019
CHEMBL4294399,Cc1cc(-c2nccc3c(Nc4ccc(F)c(F)c4)c(N)oc23)ccn1,6.698970004336019,6.301029995663981
CHEMBL4294408,Nc1oc2cnccc2c1Nc1ccc(Cl)cc1Cl,6.0,5.698970004336019
CHEMBL4294480,C#Cc1cc(Nc2c(N)oc3c(-c4ccccc4)nccc23)ccc1F,6.698970004336019,6.301029995663981
CHEMBL4294515,CC(=O)CC(=O)CC1(O)C(=O)Nc2ccccc21,6.346787486224656,4.250882337643677
CHEMBL4294542,Nc1oc2c(Cl)nccc2c1Nc1ccc(F)c(Cl)c1,6.698970004336019,6.301029995663981
CHEMBL4294575,Nc1oc2cnccc2c1Nc1cccc(C(F)F)c1,6.698970004336019,6.301029995663981
CHEMBL4294579,Nc1oc2cnccc2c1Nc1ccc(N2CCOCC2)cc1,6.0,5.698970004336019
CHEMBL4294746,Nc1oc2cnccc2c1Nc1cncc(Cl)c1,6.0,6.301029995663981
CHEMBL4294820,Cc1cc(-c2nccc3c(Nc4ccc(F)cc4)c(N)oc23)ccn1,6.698970004336019,6.301029995663981
CHEMBL4294844,C#Cc1ccc(Nc2c(N)oc3cnccc23)cc1,6.0,6.301029995663981
CHEMBL4294861,Cc1cc(-c2nc(F)cc3c(Nc4ccc(F)cc4)c(N)oc23)ccn1,6.698970004336019,6.301029995663981
CHEMBL4294960,Nc1oc2cnccc2c1Nc1cc(F)c(F)cc1F,6.0,5.698970004336019
CHEMBL4295062,Cc1nccc2c(Nc3cccc(C(F)(F)F)c3)c(N)oc12,6.698970004336019,5.698970004336019
CHEMBL4295079,Cl.Nc1sc2ccccc2c1Sc1cccc(Cl)c1,6.0,5.698970004336019
CHEMBL4295250,Cc1cc(-c2nccc3c(Nc4ccc(F)c(C(F)(F)F)c4)c(N)oc23)ccn1,6.698970004336019,6.301029995663981
CHEMBL4296835,Oc1ccc(/N=N/c2nccs2)c(O)c1,4.34640161815671,4.363712747901487
CHEMBL4296926,Cl/N=C1/C=CC=C/C1=N/Cl,5.037630664329979,5.074172425375258
CHEMBL4296947,Oc1c(/N=N/c2nnn[nH]2)ccc2ccccc12,5.422508200162775,4.652669984683049
CHEMBL4296952,NS(=O)(=O)c1ccc(/N=N/c2ccc(O)[nH]c2=O)cc1,4.742561433140186,4.80465394165158
CHEMBL4300931,O=C1c2ccccc2C(=O)c2c1nnn2-c1ccccc1,7.0,7.154901959985743
CHEMBL432537,O=C1c2cc([N+](=O)[O-])ccc2-n2c1nc1ccccc1c2=O,10.744727494896694,6.995678626217358
CHEMBL4435398,Fc1cccc2c1C(C1CCN(c3ccc(N4CCOCC4)cc3)CC1)n1cncc1-2,5.766496239658865,5.987584625237567
CHEMBL4435524,Fc1cccc2c1C(C1CCN(c3ccc(-c4cccnc4)cc3)CC1)n1cncc1-2,6.619788758288394,6.73754891026957
CHEMBL4435742,COc1ccccc1C(ON)c1ccccc1.Cl,5.954677021213342,4.311580177997289
CHEMBL4436480,O=C1c2cc(F)ccc2-n2c1nc1ccc(CN3CCNCC3)cc1c2=O,6.167491087293763,6.060480747381382
CHEMBL4436582,COP(C)(=O)NCCCCNc1nonc1/C(=N/O)Nc1ccc(F)c(Br)c1,6.91721462968355,5.478861916295964
CHEMBL4437046,CN1CCN(Cc2ccc3nc4n(c(=O)c3c2)-c2ccc(F)cc2C4=O)CC1,7.698970004336019,6.119186407719209
CHEMBL4438707,Cc1ccc(C(ON)c2ccc(Cl)cc2)c(O)c1.Cl,5.7544873321858505,4.718966632752273
CHEMBL4439294,O[C@@H]1c2ccnn2CC[C@H]1[C@H]1c2ccccc2-c2cncn21,5.346787486224656,6.886056647693163
CHEMBL4439774,Cl.NOC(c1ccccc1)c1ccc(O)cc1,5.539102157243452,4.525783735923745
CHEMBL4440040,Cl.NOC(c1ccc(Cl)cc1)c1ccc(Cl)cc1,5.962573502059376,5.698970004336019
CHEMBL4440269,Cl.NOC(c1ccccc1)c1cc(C(F)(F)F)cc(C(F)(F)F)c1,5.474955192963154,4.111259039317107
CHEMBL4441377,Fc1cccc2c1C(C1CCN(c3nccs3)CC1)n1cncc1-2,6.527243550682788,6.23210238398191
CHEMBL4443301,Cc1cc(N2CCC(C3c4c(F)cccc4-c4cncn43)CC2)ccc1-c1cnn(C)c1,6.91721462968355,6.943095148663527
CHEMBL4443640,Cl.NOC(CCc1cccc(Cl)c1)c1ccccc1,5.17134010346468,4.231361898752385
CHEMBL4445809,Cn1cc(-c2ccc(N3CCC(C4c5c(F)cccc5-c5cncn54)CC3)cc2F)cn1,7.161150909262744,7.187086643357144
CHEMBL4446245,Cl.NOC(c1ccccc1)c1ccccc1F,4.920818753952375,5.406713932979542
CHEMBL4451390,Cl.NOC(c1ccccc1)c1ccccc1Br,5.835647144215563,4.647817481888637
CHEMBL4452150,CN(C)Cc1ccc2nc3n(c(=O)c2c1)-c1ccc(F)cc1C3=O,6.958607314841775,6.3872161432802645
CHEMBL4455554,Cl.NOC(CCc1ccccc1)c1ccccc1F,4.8326826652518236,4.303643611266668
CHEMBL4459856,Cn1cc(-c2ccc(N3CCC(C4c5c(F)cccc5-c5cncn54)CC3)cc2)cn1,6.995678626217358,6.87942606879415
CHEMBL4463063,N#Cc1ccc(N2CCC(C3c4c(F)cccc4-c4cncn43)CC2)cc1,6.452225294612178,6.404503778174426
CHEMBL4466645,OCCC1c2ccccc2-c2cncn21,5.173925197299173,7.698970004336019
CHEMBL4468567,Cl.NOC(c1ccccc1)C1CCCCC1,4.6777807052660805,2.5575202309355514
CHEMBL4468741,CN(C)c1ccc2nc3n(c(=O)c2c1)-c1ccc(F)cc1C3=O,4.985059650207063,6.568636235841013
CHEMBL4468826,Cl.NOC(c1ccccc1)c1cccc(Cl)c1Cl,5.728158393463501,5.342944147142896
CHEMBL4470496,Fc1cccc2c1C(C1CCN(c3ccccc3)CC1)n1cncc1-2,6.2644011003018205,6.471083299722345
CHEMBL4471614,Cn1cc(-c2ccc(N3CCC(C4c5c(F)cccc5-c5cncn54)CC3)c(F)c2)cn1,7.6777807052660805,6.667561540084395
CHEMBL4471831,O=C1c2cc(F)ccc2-n2c1nc1ccc(N3CCNCC3)cc1c2=O,5.924453038607469,6.5376020021010435
CHEMBL4471895,CN1CCN(c2ccc3nc4n(c(=O)c3c2)-c2ccccc2C4=O)CC1,5.528708288941061,6.327902142064283
CHEMBL4472697,CCOP(=O)(CC)NCCNc1nonc1/C(=N/O)Nc1ccc(F)c(Br)c1,7.681936665037238,5.5951662833800615
CHEMBL4473408,Cl.NOC(c1ccccc1)c1cc(Cl)cc(Cl)c1,5.698970004336019,5.2441251443275085
CHEMBL4514196,COP(C)(=O)NCCNc1nonc1/C(=N/O)Nc1ccc(F)c(Br)c1,7.995678626217358,5.402304814074488
CHEMBL4515137,O=C(CNc1nonc1/C(=N/O)N[C@H]1Cc2ccc(F)cc21)NCCO,6.603800652904264,5.0
CHEMBL4516705,Cl.NOC(c1ccc(F)cc1)c1ccc(F)cc1,5.774690718274137,5.288192770958809
CHEMBL4517541,Cl.NOC(c1ccccc1)c1cccc(Br)c1,6.0,5.145693958198919
CHEMBL4518260,Cn1cc(-c2cnc(N3CCC(C4c5c(F)cccc5-c5cncn54)CC3)nc2)cn1,6.94692155651658,6.2373214362725635
CHEMBL4519297,Cl.NOC(c1ccccc1)c1cccc(C(F)(F)F)c1,5.761953896871205,4.920818753952375
CHEMBL4521716,Cc1cc(-c2cnn(C)c2)ccc1N1CCC(C2c3c(F)cccc3-c3cncn32)CC1,7.698970004336019,6.645891560852599
CHEMBL4522927,Cn1cc(-c2ccc(N3CCC([C@H]4c5c(F)cccc5-c5cncn54)CC3)cc2)cn1,7.119186407719209,7.327902142064283
CHEMBL4524223,Cl.NOC(c1ccccc1)c1ccc(Cl)cc1,5.301029995663981,4.6252516539898965
CHEMBL4524854,Fc1cccc2c1C(C1CCCC1)n1cncc1-2,5.906928693623937,7.022276394711152
CHEMBL4531639,Fc1cccc2c1C(c1ccccc1)n1cncc1-2,5.562090964460501,6.42712839779952
CHEMBL4536439,CN1CCN(c2ccc3nc4n(c(=O)c3c2)-c2ccc(F)cc2C4=O)CC1,5.728158393463501,6.6020599913279625
CHEMBL4539097,Cl.NOC(c1ccccc1)c1ccccc1Cl,4.7447274948966935,4.661543506395395
CHEMBL4544399,Cl.NOC(c1ccccc1)c1ccsc1,5.473660722610156,5.355561410532162
CHEMBL4544607,Cl.NOC(c1ccccc1)c1cccc(F)c1,5.301029995663981,5.221848749616356
CHEMBL4545004,CN1CCN(Cc2ccc3nc4n(c(=O)c3c2)-c2ccccc2C4=O)CC1,6.7447274948966935,6.7447274948966935
CHEMBL4549778,Fc1cccc2c1C(C1CCOCC1)n1cncc1-2,5.27213355053251,6.723538195826756
CHEMBL4549976,NS(=O)(=O)NCC(=O)NCCSc1nonc1/C(=N/O)Nc1ccc(F)c(C(F)F)c1,7.6777807052660805,5.0
CHEMBL4553360,Fc1cccc2c1C(C1CCN(c3nc4ccccc4s3)CC1)n1cncc1-2,7.721246399047171,6.709965388637482
CHEMBL4558294,Cl.NOC(c1ccccc1)c1cccc(C(F)(F)F)c1F,5.221848749616356,5.250263684430939
CHEMBL4561507,Cl.NOC(c1ccccc1)c1ccc(Cl)c(Cl)c1,5.718966632752273,5.3979400086720375
CHEMBL4561893,Fc1cccc2c1C(C1CCN(c3ccc(-c4ccncc4)cc3)CC1)n1cncc1-2,6.552841968657781,6.452225294612178
CHEMBL4562566,Cn1ccc2ccc(N3CCC(C4c5c(F)cccc5-c5cncn54)CC3)cc21,6.692503962086787,6.424812155072339
CHEMBL4567552,Fc1cccc(N2CCC(C3c4c(F)cccc4-c4cncn43)CC2)c1,6.777283528852417,6.430626090384954
CHEMBL4570374,Brc1cc(NCc2cccc3nonc23)c2cn[nH]c2c1,5.863279432843593,5.531652669587842
CHEMBL4571179,Fc1cccc2c1C(Cc1ccccc1)n1cncc1-2,5.563201489768197,6.100726812682396
CHEMBL4571508,Cl.NOC(c1ccccc1)c1cc(C(F)(F)F)ccc1F,5.962573502059376,5.044793462458058
CHEMBL4577825,CC(C)(C)OC(=O)N1CCN(Cc2ccc3nc4n(c(=O)c3c2)-c2ccc(F)cc2C4=O)CC1,6.886056647693163,6.346787486224656
CHEMBL4578334,Cl.NOC(c1ccccc1)c1ccc(Cl)cc1Cl,5.701146923590294,5.31695296176115
CHEMBL4578338,O=C1c2cc(F)ccc2-n2c1nc1ccc(N3CCCCC3)cc1c2=O,5.7447274948966935,4.996108833763089
CHEMBL4582341,Cl.NOC(c1ccccc1)c1cc(F)cc(F)c1,6.447331783887806,5.458420756053419
CHEMBL4585089,NS(=O)(=O)CC(=O)NCCSc1nonc1/C(=N/O)Nc1cccc(Cl)c1,8.0,5.0
CHEMBL4585829,Cl.NOC(c1ccccc1)c1ccc(F)cc1F,5.91721462968355,5.195860567664649
CHEMBL4585863,Cn1cc(-c2cccc(N3CCC(C4c5c(F)cccc5-c5cncn54)CC3)c2)cn1,6.5968794788241825,6.1944991418416
CHEMBL4586507,Fc1cccc2c1C(C1CCCCC1)n1cncc1-2,6.966576244513051,7.070581074285707
CHEMBL4588805,O=C1c2cc(F)ccc2-n2c1nc1ccc(CN3CCOCC3)cc1c2=O,7.698970004336019,7.154901959985743
CHEMBL4588985,O=C(c1ccccc1)N1CCC(C2c3c(F)cccc3-c3cncn32)CC1,5.448184177648985,5.894489815230026
CHEMBL4590292,Cl.NOC(CCCC(=O)Nc1ccccc1)c1cccc(Cl)c1,5.844663962534939,3.910094888560602
CHEMBL4632992,C[C@H](C(=O)Nc1ccc(F)cc1)C12CC(NC(=O)c3cccc(Cl)c3)(C1)C2,6.91721462968355,5.0
CHEMBL4633682,O=C1c2cc(F)ccc2-n2c1nc1ccc(CN3CCCC(C(=O)O)C3)cc1c2=O,5.735182176990463,6.376750709602099
CHEMBL4635512,O=C1c2cc(F)ccc2-n2c1nc1ccc(B(O)O)cc1c2=O,5.747146969020107,5.91721462968355
CHEMBL4642346,O=C1c2ccccc2C(=O)c2c1nnn2-c1ccc(Cl)nc1,7.568636235841013,7.6020599913279625
CHEMBL4643029,O=Cc1ccc2nc3n(c(=O)c2c1)-c1ccc(F)cc1C3=O,6.795880017344075,7.221848749616356
CHEMBL4643729,COC(=O)C1CCCN(Cc2ccc3nc4n(c(=O)c3c2)-c2ccc(F)cc2C4=O)C1,5.844663962534939,5.542118103266008
CHEMBL4644195,CC1(C)OB(c2ccc3nc4n(c(=O)c3c2)-c2ccc(F)cc2C4=O)OC1(C)C,4.8830603534492445,5.220403508742176
CHEMBL4644380,O=C1c2cc(F)ccc2-n2c1nc1ccc(Cn3ccnn3)cc1c2=O,6.107905397309519,5.94692155651658
CHEMBL4644751,C[C@H](C(=O)Nc1ccc(F)cc1)C12CC(NC(=O)c3ccc(F)c(F)c3)(C1)C2,8.721246399047171,5.0
CHEMBL4645897,COC(=O)C1CCN(Cc2ccc3nc4n(c(=O)c3c2)-c2ccc(F)cc2C4=O)CC1,5.920818753952375,6.00436480540245
CHEMBL4645973,O=C(O)/C=C/c1ccc2nc3n(c(=O)c2c1)-c1ccc(F)cc1C3=O,6.920818753952375,7.522878745280337
CHEMBL4646483,COC(=O)C1CCCN1Cc1ccc2nc3n(c(=O)c2c1)-c1ccc(F)cc1C3=O,6.337242168318426,6.522878745280337
CHEMBL4646657,O=C1c2cc(F)ccc2-n2c1nc1ccc(CN3CCC(C(=O)O)CC3)cc1c2=O,5.508638306165727,6.346787486224656
CHEMBL4647345,O=C1c2cc(F)ccc2-n2c1nc1ccc(CN3CCCC3C(=O)O)cc1c2=O,5.424812155072339,6.7447274948966935
CHEMBL4648181,CCOC(=O)/C=C/c1ccc2nc3n(c(=O)c2c1)-c1ccc(F)cc1C3=O,6.721246399047171,6.431798275933005
CHEMBL4648447,O=C(O)c1cccc(-n2nnc3c2C(=O)c2ccccc2C3=O)c1,6.943095148663527,7.1487416512809245
CHEMBL4739919,O=C(/C(=N/O)Nc1ccc(F)c(Br)c1)c1ccco1,5.775466937393914,4.0
CHEMBL4740188,O=C(Nc1ccc(Cl)cc1F)C(=O)N1CCC(c2ccnc3ccc(F)cc23)CC1,8.154901959985743,5.173925197299173
CHEMBL4741069,NS(=O)(=O)c1ccc(-n2nnc3c2C(=O)c2ccccc2C3=O)cc1,7.522878745280337,7.318758762624412
CHEMBL4741094,O=C1c2ccccc2C(=O)c2c1nnn2-c1ccc([N+](=O)[O-])cc1,7.481486060122112,7.318758762624412
CHEMBL4741297,O=[N+]([O-])c1ccc(N/C(Cc2ccc(F)cc2F)=N\O)c2nonc12,6.795880017344075,4.721246399047171
CHEMBL4741630,C[C@H](C(=O)Nc1ccc(Cl)cc1)[C@H]1CC[C@@]2(CC1)COc1cc(C(F)(F)F)ccc12,8.292429823902063,5.107905397309519
CHEMBL4741880,O=C(CN1CCC2(CC1)COc1cc(C(F)(F)F)ccc12)Nc1ccc(Cl)cc1,6.585026652029182,4.590066876668706
CHEMBL4741917,CC(=O)Nc1cc(Nc2ccc(F)c(-c3ccsc3)c2)c2cc(C(=O)O)[nH]c2c1,5.410050398674292,5.596879478824182
CHEMBL4743717,CC(=O)Nc1cc(Nc2ccc(F)nc2)c2cc(C(=O)O)[nH]c2c1,4.414539270491499,4.336299074610352
CHEMBL4743724,C[C@H](C(=O)Nc1ccc(Cl)cc1)[C@H]1CC[C@]2(CC1)COc1ncc(C(F)(F)F)cc12,8.102372908709558,4.735182176990463
CHEMBL4743826,CCC(C(=O)Nc1ccc(Cl)cc1)N1CCC2(CCOc3cc(C(F)(F)F)ccc32)CC1,7.920818753952375,4.928117992693875
CHEMBL4744101,O=[N+]([O-])c1ccc(N/C(=N\O)c2ccccc2F)c2nonc12,6.882728704344236,3.958607314841775
CHEMBL4744209,O=C(Nc1ccc(Cl)cc1)C(=O)N1CCC2(CC1)COc1cc(C(F)(F)F)ccc12,5.769551078621726,4.6777807052660805
CHEMBL4744944,CC(=O)Nc1cc(Nc2ccc(F)c(C)c2)c2cc(C(=O)O)[nH]c2c1,5.73754891026957,5.769551078621726
CHEMBL4745769,O=C(Nc1ccc(Cl)cc1)C(CC1CC1)N1CCC2(CC1)COc1cc(C(F)(F)F)ccc12,6.522878745280337,4.798602875679548
CHEMBL4745907,C[C@H](C(=O)Nc1ccc(Cl)cc1)[C@H]1CC[C@]2(CC1)COc1nc(C(F)(F)F)ccc12,8.267606240177031,5.1487416512809245
CHEMBL4746699,O=C(Nc1ccc(Cl)cc1)C(=O)N1CCC(c2ccnc3ccc(F)cc23)CC1,7.823908740944319,5.161150909262744
CHEMBL4746735,CC(=O)Nc1cc(Nc2ccc(F)c(OCC(F)(F)F)c2)c2cc(C(=O)O)[nH]c2c1,5.335358024443875,5.016373712875465
CHEMBL4747007,O=C1c2ccc(O)cc2C(=O)c2c1nnn2-c1ccc(F)c(Cl)c1,6.449771646944906,6.4156687756324695
CHEMBL4747060,O=C(/C(=N/O)Nc1ccc(F)c(Br)c1)C1CCN(S(=O)(=O)Nc2ccccc2)CC1,6.823908740944319,4.182295837032809
CHEMBL4747072,O=C(Nc1ccc(Cl)cc1)C(=O)N1CCC(c2ccnc3ccc(Cl)cc23)CC1,7.721246399047171,5.6020599913279625
CHEMBL4747079,CCNC1=C/C(=N\c2ccc(F)c(Cl)c2)c2cc(C(=O)O)[nH]c2C1=O,7.7447274948966935,7.6020599913279625
CHEMBL4747226,Cn1cc(-c2ccc(NC(=O)N3CCC(C(=O)/C(=N/O)Nc4ccc(F)c(Br)c4)CC3)cc2)cn1,7.853871964321762,4.0
CHEMBL4747676,O=[N+]([O-])c1ccc(N/C(Cc2ccc(F)cc2)=N\O)c2nonc12,6.82102305270683,4.187086643357144
CHEMBL4747779,O=C1c2ccccc2C(=O)c2c1nnn2-c1ccc(Cl)c([N+](=O)[O-])c1,7.823908740944319,7.823908740944319
CHEMBL4748072,COc1ccc2c(c1)C(=O)c1c(nnn1-c1ccc(F)c(Cl)c1)C2=O,5.0,5.0
CHEMBL4748091,O=C(/C(=N/O)Nc1ccc(F)c(Br)c1)C1CCN(C(=O)NCc2ccccc2)CC1,7.552841968657781,4.046868774816555
CHEMBL4748675,O=[N+]([O-])c1ccc(N/C(Cc2ccccc2F)=N\O)c2nonc12,6.991399828238082,4.522878745280337
CHEMBL4748868,O=C1c2ccccc2C(=O)c2c1nnn2-c1ccc(F)cc1,7.236572006437063,7.309803919971486
CHEMBL4749277,COc1cc(Nc2cc(NC(C)=O)cc3[nH]c(C(=O)O)cc23)cc(OC)c1OC,5.497572880015567,5.147520006363144
CHEMBL4749687,Cc1cc(Nc2ccc(F)c(Cl)c2)c2cc(C(=O)O)[nH]c2c1,4.448550002027125,4.647817481888637
CHEMBL4749726,O=C1c2ccccc2C(=O)c2c1nnn2-c1cccc(Cl)c1,7.3979400086720375,7.443697499232712
CHEMBL4749799,O=C(Nc1ccc(Cl)cc1F)C(=O)N1CCC=C(c2ccnc3ccc(F)cc23)CC1,8.301029995663981,4.795880017344075
CHEMBL4750221,O=[N+]([O-])c1ccc(N/C(=N\O)c2ccc(Br)cc2)c2nonc12,6.931814138253839,4.301029995663981
CHEMBL4750649,O=C1c2ccccc2C(=O)c2c1nnn2-c1ccc2[nH]cnc2c1,7.107905397309519,6.982966660701219
CHEMBL4750840,O=C(O)c1cc2c(Nc3ccc(F)c(Cl)c3)ccc(F)c2[nH]1,4.39040559077478,4.0034883278458215
CHEMBL4751204,CC1(C)C(=O)C=Cc2c1ccc1c2C(=O)C(=O)c2c(CO)coc2-1,6.657577319177793,5.847711655616943
CHEMBL4751227,CC[C@@H](C(=O)Nc1ccc(Cl)cc1)N1CCC2(CC1)COc1cc(C(F)(F)F)ccc12,7.920818753952375,4.943095148663527
CHEMBL4751316,O=C(Nc1ccc(C(F)F)cc1)C(=O)N1CCC(c2ccnc3ccc(F)cc23)CC1,7.6777807052660805,5.236572006437063
CHEMBL4751419,N#Cc1cc(Nc2ccc(F)c(Cl)c2)c2cc(C(=O)O)[nH]c2c1,4.0,4.0
CHEMBL4751532,O=C1c2cc(O)ccc2C(=O)c2c1nnn2-c1ccc(F)c(Cl)c1,6.841637507904751,6.767003889607846
CHEMBL4751742,O=C(/C(=N/O)Nc1ccc(F)c(Br)c1)C1CCN(S(=O)(=O)NCc2ccccc2)CC1,7.619788758288394,4.0
CHEMBL4751793,O=C1c2ccccc2C(=O)c2c1nnn2-c1ccccc1Cl,5.0,5.0
CHEMBL4752081,CC1(C)CN(C(=O)C(=O)Nc2ccc(Cl)cc2)CCC1c1ccnc2ccc(F)cc12,7.638272163982407,5.346787486224656
CHEMBL4752390,CC(=O)Nc1cc(Nc2ccc(F)cc2)c2cc(C(=O)O)[nH]c2c1,5.277366077466188,5.114073660198569
CHEMBL4752478,CC(C(=O)Nc1ccc(Cl)cc1)N1CCC2(CC1)COc1cc(C(F)(F)F)ccc12,5.87942606879415,4.448550002027125
CHEMBL4752502,N#Cc1ccc(-n2nnc3c2C(=O)c2ccccc2C3=O)cc1,7.585026652029182,7.180456064458132
CHEMBL4752806,O=[N+]([O-])c1ccc(N/C(Cc2ccc(Cl)cc2)=N\O)c2nonc12,6.958607314841775,4.292429823902063
CHEMBL4753003,O=C(O)c1cc2c(Nc3cc(Br)ccc3F)ccc(F)c2[nH]1,4.55129368009492,4.382999658879101
CHEMBL4753565,O=C1c2ccccc2C(=O)c2c1nnn2-c1cc(Cl)c(F)c(Cl)c1,7.481486060122112,7.468521082957745
CHEMBL4753714,O=C1c2ccccc2C(=O)c2c1nnn2-c1ccc(Cl)c(Cl)c1,7.638272163982407,7.7447274948966935
CHEMBL4753967,O=C(Nc1ccc(Cl)cc1)C(=O)N1CC[C@H](c2ccnc3ccc(F)cc23)[C@@H](O)C1,6.481486060122113,4.853871964321762
CHEMBL4754615,C[C@@H](C(=O)Nc1ccc(Cl)cc1)[C@H]1CC[C@]2(CC1)COc1cc(C(F)(F)F)ccc12,7.161150909262744,4.978810700930062
CHEMBL4754740,CC(=O)Nc1cc(Nc2ccc(F)c(OCc3ccccc3)c2)c2cc(C(=O)O)[nH]c2c1,5.0,5.280668713016273
CHEMBL4754956,O=C(Nc1ccc(Cl)cc1)C(=O)N1CCCC2(CC1)COc1cc(C(F)(F)F)ccc12,6.154901959985743,4.431798275933005
CHEMBL4755556,O=C(/C(=N/O)Nc1ccc(F)c(Br)c1)C1CCN(C(=O)c2ccccc2)CC1,6.97469413473523,4.0
CHEMBL4755902,COc1ccc(Nc2cc(NC(C)=O)cc3[nH]c(C(=O)O)cc23)cn1,5.467245621007502,5.441291429466834
CHEMBL4756155,O=C1c2ccccc2C(=O)c2c1nnn2-c1ccc(F)c(Cl)c1,7.886056647693163,7.853871964321762
CHEMBL4756754,Cc1cccc(-n2nnc3c2C(=O)c2ccccc2C3=O)c1,6.913640169325252,7.1938200260161125
CHEMBL4757244,O=C(Nc1ccc(Cl)cn1)C(=O)N1CCC(c2ccnc(C(F)(F)F)c2Cl)CC1,6.521433504406157,4.657577319177793
CHEMBL4757365,CC(=O)Nc1cc(Nc2ccc(F)c(OC(F)(F)F)c2)c2cc(C(=O)O)[nH]c2c1,5.863279432843593,5.441291429466834
CHEMBL4757995,CC[C@H](C(=O)Nc1ccc(Cl)cc1)N1CCC2(CC1)COc1cc(C(F)(F)F)ccc12,6.962573502059376,4.809668301829708
CHEMBL4757996,O=[N+]([O-])c1ccc(N/C(=N\O)c2ccc(F)c(Br)c2)c2nonc12,6.97469413473523,4.327902142064283
CHEMBL4758026,C[C@@H](C(=O)Nc1ccc(Cl)cc1)[C@H]1CC[C@@]2(CC1)COc1cc(C(F)(F)F)ccc12,8.18045606445813,4.987162775294828
CHEMBL4758067,O=[N+]([O-])c1ccc(N/C(=N\O)c2cccc(F)c2)c2nonc12,6.610833915635467,4.346787486224656
CHEMBL4758583,N#Cc1ccc2nccc(C3CCN(C(=O)C(=O)Nc4ccc(Cl)cc4)CC3)c2c1,6.928117992693875,5.214670164989233
CHEMBL4758910,O=C(/C(=N/O)Nc1ccc(F)c(Br)c1)c1ccccc1,5.845271792559845,4.09699145085845
CHEMBL4759065,CC(=O)Nc1cc(Nc2ccc(OC(F)(F)F)cc2)c2cc(C(=O)O)[nH]c2c1,4.6252516539898965,5.243363891754152
CHEMBL4759518,O=C1c2ccccc2C(=O)c2c1nnn2-c1cccc(F)c1,7.2839966563652006,6.995678626217358
CHEMBL4759802,O=C(/C(=N/O)Nc1ccc(F)c(Br)c1)C1CCN(c2ccccc2)CC1,5.991825815993574,4.0
CHEMBL4760312,O=C(/C(=N/O)Nc1ccc(F)c(Br)c1)c1cncs1,5.751536282448968,4.927823655521034
CHEMBL4761104,CC[C@H](C(=O)Nc1ccc(Cl)cn1)[C@H]1CC[C@]2(CC1)COc1cc(C(F)(F)F)ccc12,6.494850021680094,4.578396073130169
CHEMBL4761417,CCOc1cc(Nc2cc(NC(C)=O)cc3[nH]c(C(=O)O)cc23)ccc1F,5.657577319177793,5.289882634888183
CHEMBL4761629,CC(C)(C(=O)Nc1ccc(Cl)cc1)N1CCC2(CC1)COc1cc(C(F)(F)F)ccc12,7.958607314841775,4.319664486585436
CHEMBL4761665,O=C(O)c1cc2c(Nc3ccc(F)c(Br)c3)ccc(F)c2[nH]1,5.0030507515046185,4.978810700930062
CHEMBL4761805,CC(=O)Nc1cc(Nc2ccc(F)cn2)c2cc(C(=O)O)[nH]c2c1,4.966576244513051,4.931814138253838
CHEMBL4762048,COC(=O)c1ccc(-n2nnc3c2C(=O)c2ccccc2C3=O)cc1,7.468521082957745,7.236572006437063
CHEMBL4762616,COc1ccc(Nc2cc(NC(C)=O)cc3[nH]c(C(=O)O)cc23)cc1,5.767003889607846,5.521433504406157
CHEMBL4762621,COc1ccc(Nc2ccc(F)c(Cl)c2)c2cc(C(=O)O)[nH]c12,4.489454989793388,4.709965388637482
CHEMBL4762733,O=C1c2ccccc2C(=O)c2c1nnn2-c1cnc(Cl)c(Cl)c1,6.94692155651658,6.605548319173784
CHEMBL4762872,O=C(O)c1cc2c(Nc3ccc(F)c(OC(F)(F)F)c3)ccc(F)c2[nH]1,4.787812395596042,4.782516055786093
CHEMBL4763146,O=[N+]([O-])c1ccc(N/C(=N\O)c2ccc(Cl)cc2)c2nonc12,6.94692155651658,4.3979400086720375
CHEMBL4763205,O=C(Nc1ccccc1)[C@H]1CC[C@H](C(=O)/C(=N/O)Nc2ccc(F)c(Br)c2)CC1,6.823908740944319,4.0
CHEMBL4763242,CCNc1cc(Nc2ccc(F)c(Cl)c2)c2cc(C(=O)O)[nH]c2c1,5.756961951313706,5.452225294612178
CHEMBL4763375,C[C@H](C(=O)Nc1ccc(Cl)cc1)[C@H]1CC[C@]2(CC1)COc1cc(C(F)(F)F)ccc12,8.4089353929735,5.136677139879544
CHEMBL4763470,CC(=O)Nc1cccc(-n2nnc3c2C(=O)c2ccccc2C3=O)c1,7.0915149811213505,6.87942606879415
CHEMBL4763910,CC(=O)Nc1cc(Nc2ccc(F)c(F)c2)c2cc(C(=O)O)[nH]c2c1,5.931814138253839,5.809668301829708
CHEMBL4763934,O=C1c2ccccc2C(=O)c2c1nnn2-c1ccc2ccncc2c1,7.3979400086720375,7.468521082957745
CHEMBL4764025,CCCOc1cc(Nc2cc(NC(C)=O)cc3[nH]c(C(=O)O)cc23)ccc1F,5.8297382846050425,5.350665141287858
CHEMBL4764324,CC(=O)Nc1cc(Nc2ccc(F)c(Oc3ccccc3)c2)c2cc(C(=O)O)[nH]c2c1,5.2343314452409855,5.841637507904751
CHEMBL4764360,CC(C(=O)Nc1ccc(Cl)cc1)C1CCC2(CC1)c1ccc(C(F)(F)F)cc1CN2C,8.080921907623926,5.1487416512809245
CHEMBL4764737,O=C(/C(=N/O)Nc1ccc(F)c(Br)c1)C1CCCCC1,6.87942606879415,4.100464015347826
CHEMBL4764848,O=C(Nc1ccc(Cl)cc1F)C(=O)N1CCCC(c2ccnc3ccc(F)cc23)CC1,8.096910013008056,5.229147988357856
CHEMBL4765090,O=C1c2ccc(F)cc2C(=O)c2c1nnn2-c1ccc(F)c(Cl)c1,8.0,8.0
CHEMBL4776232,O=C(O)c1cc2c(Nc3ccc(F)c(Cl)c3)cc([N+](=O)[O-])cc2[nH]1,4.0,4.0
CHEMBL4776703,O=C(/C(=N/O)Nc1ccc(F)c(Br)c1)C1CCN(C(=O)Nc2ccccc2)CC1,7.3979400086720375,4.236796699629228
CHEMBL4777219,O=C1c2ccccc2C(=O)c2c1nnn2-c1cccc([N+](=O)[O-])c1,7.5376020021010435,7.552841968657781
CHEMBL4777262,O=C(Nc1ccc(Cl)cc1)C(=O)N1CCC(c2ccnc3ccc(F)cc23)C(F)(F)C1,8.045757490560675,5.200659450546418
CHEMBL4777678,O=C(O)c1cc2c(Nc3ccc(F)c4[nH]c(C(=O)O)cc34)ccc(F)c2[nH]1,5.565431095965801,5.458420756053419
CHEMBL4777850,O=[N+]([O-])c1ccc(N/C(Cc2ccc(Cl)c(Cl)c2)=N\O)c2nonc12,7.4089353929735005,4.494850021680094
CHEMBL4778719,O=[N+]([O-])c1ccc(N/C(Cc2ccc(F)c(F)c2)=N\O)c2nonc12,7.309803919971486,4.026872146400302
CHEMBL4778760,C[C@@H](NC(=O)c1ccc(F)cc1)c1ccc2c(c1)CCN2C(=O)C1CCOCC1,8.154901959985743,4.698970004336019
CHEMBL4779207,COc1cc(Nc2cc(NC(C)=O)cc3[nH]c(C(=O)O)cc23)ccc1F,5.910094888560602,5.603800652904264
CHEMBL4779227,O=C(Nc1ccc(Cl)cc1)C(=O)N1CC[C@H](c2ccnc3ccc(F)cc23)[C@H](O)C1,6.958607314841775,4.764471553092451
CHEMBL4780026,O=C(CN1CCC2(CCc3ccccc32)CC1)Nc1ccc(Cl)cc1,6.173925197299173,4.368556230986828
CHEMBL4780314,O=C1c2ccccc2C(=O)c2c1nnn2-c1ccc(Cl)cc1,7.638272163982407,7.823908740944319
CHEMBL4780730,O=C(NC[C@H]1CC[C@H](C(=O)/C(=N/O)Nc2ccc(F)c(Br)c2)CC1)c1ccccc1,6.690369832574102,4.091729500504276
CHEMBL4781037,NS(=O)(=O)N1CCC(C(=O)/C(=N/O)Nc2ccc(F)c(Br)c2)CC1,7.346787486224656,4.204418880091986
CHEMBL4781631,CC(=O)Nc1cc(Nc2ccc(OC(F)F)cc2)c2cc(C(=O)O)[nH]c2c1,5.497572880015567,5.259637310505756
CHEMBL4781703,O=C(Nc1ccc(Cl)cc1)C(=O)N1CCC2(CC1)COc1cc(C(F)F)ccc12,7.522878745280337,4.522878745280337
CHEMBL4781782,O/N=C(/CC1CCCCC1)Nc1ccc(F)c(Br)c1,6.303643611266668,4.0
CHEMBL4782412,O=[N+]([O-])c1ccc(N/C(=N\O)c2ccccc2Br)c2nonc12,7.1938200260161125,4.6020599913279625
CHEMBL4782532,CC(C(=O)Nc1ccc(Cl)cc1)N1CCC2(CCc3ccccc32)CC1,7.4089353929735005,4.4089353929735005
CHEMBL4783159,O=C1c2ccccc2C(=O)c2c1nnn2-c1ccc2[nH]ncc2c1,7.346787486224656,7.376750709602099
CHEMBL4783665,O=C1c2ccccc2C(=O)c2c1nnn2-c1ccc(-c2nnn[nH]2)cc1,7.221848749616356,7.6020599913279625
CHEMBL4784061,O=C(/C(=N/O)Nc1ccc(F)c(Br)c1)c1cccs1,6.931814138253839,4.200032588919265
CHEMBL4784589,CC(=O)Nc1cc(Nc2cccc3[nH]ncc23)c2cc(C(=O)O)[nH]c2c1,5.123782159408358,5.168770306132936
CHEMBL4785586,CC(=O)Nc1cc(Nc2ccc(F)c(OC(C)C)c2)c2cc(C(=O)O)[nH]c2c1,5.510041520575165,5.189767482004916
CHEMBL4785841,O=C1c2ccccc2C(=O)c2c1nnn2-c1ccc(C(F)(F)F)c(Cl)c1,7.522878745280337,7.6020599913279625
CHEMBL4786080,CC(=O)Nc1cc(Nc2ccc(F)c(C3CC3)c2)c2cc(C(=O)O)[nH]c2c1,5.530177984021837,5.2636034977233574
CHEMBL4786114,COc1ccc2c(c1)C(=O)c1nnn(-c3ccc(F)c(Cl)c3)c1C2=O,6.787812395596042,6.978810700930062
CHEMBL4787695,O=C1c2cc(F)ccc2C(=O)c2c1nnn2-c1ccc(F)c(Cl)c1,8.301029995663981,8.397940008672037
CHEMBL4788833,O=C(Nc1ccc(Cl)cn1)C(=O)N1CCC2(CC1)COc1cc(C(F)(F)F)ccc12,7.136677139879544,5.1938200260161125
CHEMBL4789503,NS(=O)(=O)NC[C@H]1CC[C@H](C(=O)/C(=N/O)Nc2ccc(F)c(Br)c2)CC1,6.703334809738469,4.231080845074899
CHEMBL4790494,CC(=O)Nc1cc(Nc2ccc(F)c(Cl)c2)c2cc(C(=O)O)[nH]c2c1,5.075720713938118,5.071604147743286
CHEMBL4790619,CC(=O)Nc1cc(Nc2ccc(C(F)(F)F)cc2)c2cc(C(=O)O)[nH]c2c1,4.255707016877324,4.634512015109101
CHEMBL4790626,CC(=O)Nc1cc(Nc2ccc(F)c(OCC3CC3)c2)c2cc(C(=O)O)[nH]c2c1,5.507239610973162,5.388276691992658
CHEMBL4791116,COc1cc(Nc2ccc(F)c3[nH]c(C(=O)O)cc23)cc(OC)c1OC,4.653647025549361,4.632644078973981
CHEMBL4791168,COP(C)(=O)NCCCNc1nonc1/C(=N/O)Nc1ccc(F)c(Br)c1,7.8996294548824375,5.585026652029182
CHEMBL4791729,O=C1c2ccccc2C(=O)c2c1nnn2-c1ccc(Cl)c(F)c1,7.698970004336019,7.7447274948966935
CHEMBL4792192,O=[N+]([O-])c1ccc(N/C(=N\O)c2cccc(Br)c2)c2nonc12,6.978810700930062,4.698970004336019
CHEMBL4792463,O=C(Nc1ccc(C(F)(F)F)cc1)C(=O)N1CCC(c2ccnc3ccc(F)cc23)CC1,7.045757490560675,5.022276394711152
CHEMBL4793007,COc1ccc(Nc2cc(NC(C)=O)cc3[nH]c(C(=O)O)cc23)nc1,5.325138859262188,5.278189384787454
CHEMBL4793303,O=C(Nc1ccc(Cl)cn1)C(=O)N1CCC(c2ccnc3ccc(F)cc23)CC1,7.154901959985743,5.229147988357856
CHEMBL4793667,COc1cc(Nc2ccc(F)c3[nH]c(C(=O)O)cc23)ccc1F,4.2644011003018205,4.503070351926785
CHEMBL4794331,N#Cc1ccc(NC(=O)C(=O)N2CCC(c3ccnc4ccc(F)cc34)CC2)cc1,7.443697499232712,5.259637310505756
CHEMBL4795047,O=C(Nc1ccc(Cl)cc1)C(=O)N1CC[C@@H](c2ccnc3ccc(F)cc23)[C@H](O)C1,7.301029995663981,4.815308569182401
CHEMBL4795305,O=[N+]([O-])c1ccc(N/C(=N\O)c2ccc(F)cc2)c2nonc12,7.0,4.6777807052660805
CHEMBL4797096,O=C(/C(=N/O)Nc1ccc(F)c(Br)c1)[C@H]1CC[C@H](NS(=O)(=O)Nc2ccccc2)CC1,6.991399828238082,4.0
CHEMBL4797963,O=C(Nc1ccc(Cl)cc1)C(CCO)N1CCC2(CC1)COc1cc(C(F)(F)F)ccc12,7.0655015487564325,5.022276394711152
CHEMBL4798028,O=C1c2ccccc2C(=O)c2c1nnn2-c1cccnc1,7.638272163982407,7.6777807052660805
CHEMBL4798525,CN1CCN(c2ccc(-n3nnc4c3C(=O)c3ccccc3C4=O)cc2)CC1,5.0,5.0
CHEMBL4799553,O=C(Nc1ccc(Cl)cc1)C(=O)N1CC[C@@H](c2ccnc3ccc(F)cc23)[C@@H](O)C1,5.522878745280337,4.431798275933005
CHEMBL4800312,O=[N+]([O-])c1ccc(N/C(Cc2ccc(Br)cc2)=N\O)c2nonc12,6.950781977329818,4.366531544420414
CHEMBL5071322,O/N=C(\Nc1cccc(Br)c1)c1ccc(Cl)nc1,6.764976840504777,5.90274269030658
CHEMBL5076745,O/N=C(\Nc1cccc(Br)c1)c1ccc(Cl)s1,7.525783735923745,5.636200054520891
CHEMBL5081219,O/N=C(\Nc1ccc(F)c(Cl)c1)c1cnc(Cl)s1,7.165579296318468,5.638649975647733
CHEMBL5083059,Cc1ccc(/C(=N/O)Nc2cccc(Br)c2)s1,7.133712660915805,5.234256958578955
CHEMBL5087302,O=C(NCc1csc(/C(=N/O)Nc2cccc(Br)c2)c1)Nc1ccc(F)cc1,7.434152181326482,5.620694482249418
CHEMBL5169552,c1ccc2c(-c3ccc4nonc4c3)c[nH]c2c1,4.0,5.468521082957745
CHEMBL5169632,CNC(=O)c1cccc(CNc2cc(C(F)(F)F)cc3[nH]ncc23)c1,4.0,5.3124710387853655
CHEMBL5170390,O=C1NCc2c(NCc3ccccc3[N+](=O)[O-])cccc21,4.0,4.0
CHEMBL5170708,NCCn1ncc2c(NCc3ccccc3[N+](=O)[O-])cc(C(F)(F)F)cc21,4.0,4.0
CHEMBL5171548,OC1CCCC(Nc2cccc(CNc3cc(C(F)(F)F)cc4[nH]ncc34)c2)C1,4.0,4.0
CHEMBL5171773,CCN(CC)C(=O)c1coc2c1C(=O)C(=O)c1c-2ccc2c1C=CC(=O)C2(C)C,5.0,5.0
CHEMBL5172044,CC1(C)C(=O)C=Cc2c1ccc1c2C(=O)C(=O)c2c(CF)coc2-1,6.376750709602099,6.2441251443275085
CHEMBL5172374,CC1(C)C(=O)CCc2c1ccc1c2C(=O)C(=O)c2c(CO)coc2-1,6.795880017344075,6.698970004336019
CHEMBL5172850,Brc1cccc(-c2nccc3c2[nH]c2ccccc23)c1,5.305394801066432,4.692717952966654
CHEMBL5174239,FC(F)(F)c1cccc(CNc2cc(C(F)(F)F)cc3[nH]ncc23)c1,4.0,4.913640169325252
CHEMBL5174493,O=C(O)c1cccc(CNc2cc(C(F)(F)F)cc3[nH]ncc23)c1,4.0,5.772113295386326
CHEMBL5174721,O=[N+]([O-])c1ccc(O)cc1CNc1cc(Br)cc2[nH]ncc12,6.040958607678906,6.337242168318426
CHEMBL5174722,CC1(C)C(=O)C=Cc2c1ccc1c2C(=O)C(=O)c2c(CCl)coc2-1,6.853871964321762,6.958607314841775
CHEMBL5175027,O=[N+]([O-])c1cc(OCc2ccccc2)ccc1CNc1cc(C(F)(F)F)cc2[nH]ncc12,4.0,4.013407393177789
CHEMBL5175666,FC(F)(F)c1cc(NC[C@@H]2CCCCN2)c2cn[nH]c2c1,4.727462222624762,5.094204119632131
CHEMBL5175874,CC1(C)C(=O)C=Cc2c1ccc1c2C(=O)C(=O)c2c(C(=O)O)coc2-1,5.34008379993015,5.0
CHEMBL5176219,CC(=O)O[C@H]1CCc2c(ccc3c2C(=O)C(=O)c2c(C)coc2-3)C1(C)C,5.0,5.552841968657781
CHEMBL5176878,Cc1coc2c1C(=O)C(=O)c1c-2ccc2c1C(=O)C(O)CC2(C)C,5.0,5.0
CHEMBL5177245,Cc1coc2c1C(=O)C(=O)c1c-2ccc2c1C=CC(=O)C2(C)C,5.0301183562535,5.0
CHEMBL5177466,NC(=O)Nc1ccc(-c2c[nH]c3cc(F)ccc23)cc1,7.309803919971486,7.309803919971486
CHEMBL5178341,COC(=O)c1cc(NCc2ccccc2[N+](=O)[O-])c2cn[nH]c2c1,4.0,4.0
CHEMBL5180636,Clc1cccc(-c2nccc3c2[nH]c2ccccc23)c1,4.301029995663981,4.873219422987991
CHEMBL5180918,COC(=O)c1coc2c1C(=O)C(=O)c1c-2ccc2c1C=CC(=O)C2(C)C,5.0,5.0
CHEMBL5181187,O=[N+]([O-])c1cccc(CNc2cc(C(F)(F)F)cc3[nH]ncc23)c1,4.0,5.286509456906058
CHEMBL5181934,O=[N+]([O-])c1ccc(CNc2cc(Br)cc3[nH]ncc23)cc1,5.15676722190199,5.651695136951839
CHEMBL5182221,O=[N+]([O-])c1ccc(CNc2cc(C(F)(F)F)cc3[nH]ncc23)cc1,4.214670164989233,4.0
CHEMBL5183281,CC1(C)c2ccc3c(c2CC[C@@H]1O)C(=O)C(=O)c1c(CO)coc1-3,5.777283528852417,5.995678626217358
CHEMBL5183345,O=[N+]([O-])c1cc(Br)c(F)cc1CNc1cc(C(F)(F)F)cc2[nH]ncc12,4.0,5.835647144215563
CHEMBL5184595,N#Cc1cccc(-c2nccc3c2[nH]c2ccccc23)c1,4.301029995663981,4.814457845145625
CHEMBL5185564,c1ccc2c(-c3ccc4n[se]nc4c3)c[nH]c2c1,4.0,5.6020599913279625
CHEMBL5187479,Clc1ccc(-c2nccc3c2[nH]c2ccccc23)cc1,5.120330794367947,5.081445469449727
CHEMBL5187823,Cc1c[nH]c2c1C(=O)C(=O)c1c-2ccc2c1CCCC2(C)C,5.0,5.0
CHEMBL5188549,c1ccc2c(c1)[nH]c1c(-c3cnn[nH]3)nccc12,4.8576105338811635,4.709742730605482
CHEMBL5188603,CS(=O)(=O)c1ccc(CNc2cc(C(F)(F)F)cc3[nH]ncc23)c([N+](=O)O)c1,4.236871623200863,6.102372908709558
CHEMBL5190925,CC(=O)OCc1coc2c1C(=O)C(=O)c1c-2ccc2c1CC[C@H](O)C2(C)C,5.616184634019569,5.686132779630847
CHEMBL5191067,O=[N+]([O-])c1ccc(Cl)cc1CNc1cc(C(F)(F)F)cc2[nH]ncc12,4.423198104171087,5.496209316942819
CHEMBL5191147,FC(F)(F)c1cc(NCc2cccc3sccc23)c2cn[nH]c2c1,4.0,4.0
CHEMBL5191276,O=[N+]([O-])c1ccc2[nH]c(CNc3cc(C(F)(F)F)cc4[nH]ncc34)cc2c1,4.0,4.0
CHEMBL5191984,CC(=O)O[C@H]1CCc2c(ccc3c2C(=O)C(=O)c2c(CO)coc2-3)C1(C)C,5.728158393463501,5.735182176990463
CHEMBL5192259,O=[N+]([O-])c1ccccc1CNc1cc(C(F)(F)F)cc2[nH]ncc12,4.855425792390384,5.5934598195660445
CHEMBL5192718,O=[N+]([O-])c1ccccc1CNc1cc(Br)cc2cn[nH]c12,4.0,4.0
CHEMBL5193307,Cc1coc2c1C(=O)C(=O)c1c-2ccc2c1C(Br)CCC2(C)C,5.0,6.1487416512809245
CHEMBL5194264,Oc1ccc(CNc2cc(C(F)(F)F)cc3[nH]ncc23)c(Cl)c1,5.220403508742176,5.5718652059712115
CHEMBL5194281,c1ccc2c(-c3cnc4n[se]nc4c3)c[nH]c2c1,4.0,6.767003889607846
CHEMBL5194494,N#Cc1ccc(-c2nccc3c2[nH]c2ccccc23)cc1,4.301029995663981,4.921543181946707
CHEMBL5195880,c1ccc2c(-c3ccc4nsnc4c3)c[nH]c2c1,4.0,6.889410289700751
CHEMBL5196298,COc1cc(CNc2cc(Br)cc3[nH]ncc23)c([N+](=O)[O-])cc1OC,4.734003629504921,5.982966660701219
CHEMBL5196865,FC(F)(F)c1cc(NC[C@H]2CCCCN2)c2cn[nH]c2c1,4.619607839942972,6.337242168318426
CHEMBL5197921,CC(C)n1ncc2c(NCc3ccccc3[N+](=O)[O-])cc(C(F)(F)F)cc21,4.0,4.0
CHEMBL5197972,O=[N+](O)c1c(Cl)cccc1CNc1cc(C(F)(F)F)cc2[nH]ncc12,4.221848749616356,6.769551078621726
CHEMBL5198045,CC(=O)Oc1c(OC(C)=O)c2c(C)coc2c2ccc3c(c12)CCCC3(C)C,5.0,5.0
CHEMBL5198425,Nc1cccc(CNc2cc(C(F)(F)F)cc3[nH]ncc23)c1,4.0,5.600326278518962
CHEMBL5199052,Cc1coc2c1C(=O)C(=O)c1c-2ccc2c1CCC(=O)C2(C)C,5.0,5.0
CHEMBL5199432,Cc1coc2c1C(=O)C(=O)c1c-2ccc2c1C(=O)C(O)=CC2(C)C,5.0,5.0
CHEMBL5199588,FC(F)(F)c1cc(NCC2CNC2)c2cn[nH]c2c1,4.0,4.0
CHEMBL5199816,N#Cc1cc(NCc2ccccc2[N+](=O)[O-])c2cn[nH]c2c1,4.0,4.0
CHEMBL5200658,Cc1coc2c1C(=O)C(=O)c1c-2ccc2c1CC[C@H](OS(C)(=O)=O)C2(C)C,5.292429823902063,5.0
CHEMBL5200688,O=[N+]([O-])c1cccc(CNc2cc(Br)cc3[nH]ncc23)c1,5.0996328713435295,5.795880017344075
CHEMBL5200740,C[C@@H](C=O)C1=C(O)C(=O)c2c(ccc3c2CCCC3(C)C)C1=O,5.0,5.0
CHEMBL5201313,c1ccc2c(-c3cnc4nsnc4c3)c[nH]c2c1,4.0,5.327902142064283
CHEMBL5203175,O[C@H](c1cc(Cl)cc2cncn12)C1CCCCC1,7.5376020021010435,7.5376020021010435
CHEMBL5204091,CC(=O)OCc1coc2c1C(=O)C(=O)c1c-2ccc2c1C=CC(=O)C2(C)C,6.568636235841013,6.795880017344075
CHEMBL5204255,O=C1NC(=O)c2c(NCc3ccccc3[N+](=O)[O-])cccc21,4.0,4.0
CHEMBL5204788,Oc1ccc(CNc2cc(C(F)(F)F)cc3[nH]ncc23)cc1,4.43486084803021,5.5934598195660445
CHEMBL5204912,FC(F)(F)c1cc(NC[C@H]2CCCN2)c2cn[nH]c2c1,5.018634490921456,5.215382707367125
CHEMBL5205565,CC1(C)C(=O)C=Cc2c1ccc1c2C(=O)C(=O)c2c(C=O)coc2-1,5.0,5.0
CHEMBL5205978,O=[N+]([O-])c1cc(Cl)ccc1CNc1cc(C(F)(F)F)cc2[nH]ncc12,4.7447274948966935,5.769551078621726
CHEMBL5206812,O=[N+]([O-])c1ccccc1CNc1cc(Br)cc2[nH]ncc12,5.094743951251549,4.409492537991417
CHEMBL5206950,CC(=O)OCc1coc2c1C(=O)C(=O)c1c-2ccc2c1CCC(=O)C2(C)C,5.761953896871205,6.173925197299173
CHEMBL5207789,Cc1ccc(CNc2cc(C(F)(F)F)cc3[nH]ncc23)c([N+](=O)O)c1,4.0,7.221848749616356
CHEMBL5207925,O=C(O)CNc1cccc(CNc2cc(C(F)(F)F)cc3[nH]ncc23)c1,4.0,4.0
CHEMBL5208412,FC(F)(F)c1cc(NCc2cccc(Br)c2)c2cn[nH]c2c1,4.0,4.719194071606333
CHEMBL5218511,ON=C1CCC(CNc2cc(Br)cc3[nH]ncc23)CC1,5.79317412396815,6.346787486224656
CHEMBL5218526,O[C@@H]1CCCC[C@H]1CNc1c(Br)cc(Br)c2[nH]ncc12,3.5228787452803374,3.5228787452803374
CHEMBL5218529,OC(CNc1cc(Br)cc2[nH]ncc12)C1CCCCC1,3.5228787452803374,3.5228787452803374
CHEMBL5218595,O[C@@H]1CCCC[C@H]1CNc1cc(Cl)cc2[nH]ncc12,5.728158393463501,6.886056647693163
CHEMBL5218603,O=C(O)c1cc(NC[C@@H]2CCCC[C@H]2O)c2cn[nH]c2c1,4.519705539996993,4.568314655313988
CHEMBL5218640,OCC(Nc1cc(Br)cc2[nH]ncc12)C1CCCCC1,3.5228787452803374,3.5228787452803374
CHEMBL5218714,Brc1cc(NCC2CCCCC2)c2cn[nH]c2c1,5.962573502059376,6.0655015487564325
CHEMBL5218741,Brc1cc(NCC2CCCCC23OCCO3)c2cn[nH]c2c1,4.4939010400715595,5.690369832574101
CHEMBL5218747,O/N=C(\CNc1cc(Br)cc2[nH]ncc12)c1ccc(O)cc1,4.24275584897803,4.890759031411797
CHEMBL5218765,Cl[C@@H]1CCCC[C@@H]1CNc1cc(Br)cc2[nH]ncc12,4.255707016877324,4.173925197299173
CHEMBL5218772,Cc1ccc(C(=O)CC(=O)c2ccccc2OC(C)C)c(O)c1,4.966576244513051,4.966576244513051
CHEMBL5218825,Brc1cc(NCC2CNC2)c2cn[nH]c2c1,3.9480760839538935,4.348043930466925
CHEMBL5218853,O[C@@H](c1cn2cncc2cc1Cl)C1CCCCC1,8.017728766960431,7.5376020021010435
CHEMBL5218896,O[C@@H]1CCCC[C@H]1NCc1cc(Br)cc2[nH]ncc12,3.5228787452803374,3.5228787452803374
CHEMBL5218978,Cl[C@H]1CCCC[C@H]1CNc1cc(Br)cc2[nH]ncc12,6.5376020021010435,6.657577319177793
CHEMBL5219108,O=C(N[C@@H]1CCCC[C@H]1O)c1cc(Br)cc2[nH]ncc12,3.5228787452803374,4.233512793760306
CHEMBL5219140,O[C@@H]1CCCC[C@H]1CNc1cc(Cl)cc2cn[nH]c12,3.7488486568246455,4.074739490480565
CHEMBL5219170,O[C@@H]1CCCC[C@H]1CNc1cc(C(F)(F)F)cc2[nH]ncc12,5.436518914605589,6.3979400086720375
CHEMBL5219266,O[C@@H]1CCCC[C@H]1CNc1cc(Br)cc2cn[nH]c12,4.180192935409244,4.4071573168689
CHEMBL5219298,Brc1cc(NCc2ccccn2)c2cn[nH]c2c1,4.2877713303804645,5.507239610973162
CHEMBL5219328,Brc1cc(NC[C@@H]2CCCCN2)c2cn[nH]c2c1,4.861697301833718,5.217527375833714
CHEMBL5219380,CC1(C)CN(c2cc(Br)cc3[nH]ncc23)CCN1S(C)(=O)=O,6.585026652029182,6.346787486224656
CHEMBL5219595,N[C@@H]1CCCC[C@H]1CNc1cc(Br)cc2[nH]ncc12,6.154901959985743,6.443697499232712
CHEMBL5219631,COC(=O)c1cc(NC[C@@H]2CCCC[C@H]2O)c2cn[nH]c2c1,3.5228787452803374,4.899974269892137
CHEMBL5219702,OCC(Nc1cc(Br)cc2[nH]ncc12)c1ccccc1,4.367846516489367,6.481486060122113
CHEMBL5219717,O=C(CNc1cc(Br)cc2[nH]ncc12)c1ccc(O)cc1,3.8629625452104874,3.8306195046880505
CHEMBL5219723,N[C@H]1CCCC[C@H]1CNc1cc(Br)cc2[nH]ncc12,5.847711655616943,6.040958607678906
CHEMBL5219838,Nc1cc(Br)cc2[nH]ncc12,5.071092309756048,5.856985199745905
CHEMBL5219853,Cn1cc(-c2ccc(NC(N)=O)cc2)c2ccc(F)cc21,7.309803919971486,7.107905397309519
CHEMBL5219865,O[C@@H]1CCCC[C@H]1CNc1cc(Br)cc2[nH]ncc12,6.1938200260161125,7.3979400086720375
CHEMBL5220064,COc1ccccc1C(=O)CC(=O)c1ccc(C)cc1O,4.686132779630847,4.686132779630847
CHEMBL5220107,CC1=C(CC(=O)c2sccc2Br)C(=O)c2ccccc2C1=O,8.465973893943865,8.465973893943865
CHEMBL5220129,Cc1cc(NC[C@@H]2CCCC[C@H]2O)c2cn[nH]c2c1,5.498940737782249,6.3872161432802645
CHEMBL5220341,Nc1cc(NC[C@@H]2CCCC[C@H]2O)c2cn[nH]c2c1,3.5228787452803374,3.5228787452803374
CHEMBL5220376,CC(C)(C)OC(=O)N1CCC(CNc2cc(Br)cc3[nH]ncc23)C1,5.044793462458058,5.866461091629782
CHEMBL5220396,O[C@H]1CCCC[C@@H]1CNc1cc(Br)cc2[nH]ncc12,5.54515513999149,7.045757490560675
CHEMBL5220402,OCC(Nc1cc(Br)cc2[nH]ncc12)c1cccc(Cl)c1,4.736837535037783,5.690369832574101
CHEMBL5220436,CC(=O)O[C@@H]1CCCC[C@H]1CNc1cc(Br)cc2[nH]ncc12,5.2380721615794705,6.721246399047171
CHEMBL5220441,Brc1cc(NCC2CCNC2)c2cn[nH]c2c1,3.979224511806442,4.981299501333757
CHEMBL5220477,Brc1cc(NC[C@@H]2CCCN2)c2cn[nH]c2c1,5.324221658325915,5.379863945026242
CHEMBL5220520,Brc1cc(NC[C@H]2CCCCN2)c2cn[nH]c2c1,4.760450279159527,5.7447274948966935
CHEMBL5220677,OC1CCCCC1CNc1cc(Br)cc2[nH]ncc12,5.3851027839668655,6.920818753952375
CHEMBL5220800,O[C@H]1CCCC[C@@H]1NCc1cc(Br)cc2[nH]ncc12,3.6907958203295923,3.5228787452803374
CHEMBL5220840,Cn1ncc2c(NC[C@@H]3CCCC[C@H]3O)cc(Br)cc21,4.420102130396896,4.478338984887927
CHEMBL5220937,OC(CNc1cc(Br)cc2[nH]ncc12)c1cccc(Cl)c1,4.8830603534492445,5.471083299722345
CHEMBL5221020,O[C@@H]1CCCC[C@H]1CNc1c(Br)ccc2[nH]ncc12,5.910094888560602,4.949233688766958
CHEMBL5221102,Brc1cc(NC[C@H]2CCCN2)c2cn[nH]c2c1,4.248336053739013,5.127843727251707
CHEMBL578036,CC1(C)CCCc2c1ccc1c2C(=O)C(=O)c2c(CO)coc2-1,5.0,6.346787486224656
CHEMBL584991,Nc1nonc1/C(=N/O)Nc1ccc(F)c(Cl)c1,7.301029995663981,5.0
CHEMBL72165,O=C1c2cc(Br)ccc2-n2c1nc1ccccc1c2=O,7.268411234813262,7.275724130399211
1a,O=S(C(N1)=CC2=C1C=CC=C2)CC3=CC=C(C(F)(F)F)C=C3,5.0,5.0
1b,O=S(C1=CC2=CC=CC=C2O1)CC3=CC=C(C(F)(F)F)C=C3,5.0,5.0
1c,O=S(C1=NC2=CC=CC=C2N1)CC3=CC=C(C(F)(F)F)C=C3,5.0,5.0
1d,O=S(C1=NC2=CC=CC=C2O1)CC3=CC=C(C(F)(F)F)C=C3,5.552841968657781,5.0
1e,O=S(C1=NC2=CC=C(Cl)C=C2O1)CC3=CC=CC=C3C(F)(F)F,5.040958607678906,5.075720713938118
1f,O=S(C1=NC2=CC=C(Cl)C=C2O1)CC3=CC=CC(C(F)(F)F)=C3,5.075720713938118,5.0
1g,O=S(C1=NC2=CC=C(Cl)C=C2O1)CC3=CC=C(C(F)(F)F)C=C3,6.00436480540245,5.0
1h,O=C(OC)C1=CC=C(CS(C2=NC3=CC=C(Cl)C=C3O2)=O)C=C1,5.0,5.0
1i,O=C(OC)C1=CC=CC(CS(C2=NC3=CC=C(Cl)C=C3O2)=O)=C1,5.0,5.0
1j,O=C(OC)C1=CC=CC=C1CS(C2=NC3=CC=C(Cl)C=C3O2)=O,5.0,5.0
1k,O=S(C1=NC2=CC=C(Cl)C=C2S1)CC3=CC=C(C(F)(F)F)C=C3,5.0,5.0
1l,O=C(OC)C1=CC=CC=C1CS(C2=NC3=CC=C(Cl)C=C3S2)=O,5.0,5.0
1m,O=C(OC)C1=CC=CC(CS(C2=NC3=CC=C(Cl)C=C3S2)=O)=C1,5.0,5.0
1n,O=C(OC)C1=CC=C(CS(C2=NC3=CC=C(Cl)C=C3S2)=O)C=C1,5.0,5.0
5a,O=S(C1=NC2=CC=C(Cl)C=C2O1)CC3=CC=C(F)C=C3,5.236572006437063,5.0
5b,O=S(C1=NC2=CC=C(Cl)C=C2O1)CC3=CC=C(Cl)C=C3,6.086186147616283,5.0
5c,ClC1=CC=C2N=C(S(CC3=CC=C(Br)C=C3)=O)OC2=C1,6.468521082957745,5.0
5d,ClC1=CC=C2N=C(S(CC3=CC=C(Br)C=C3F)=O)OC2=C1,6.136677139879544,5.0
5e,ClC1=CC=C2N=C(S(CC3=CC=C(Br)C(F)=C3)=O)OC2=C1,6.468521082957745,5.0
5f,O=S(C1=NC2=CC=C(Cl)C=C2O1)CC3=CC=C([N+]([O-])=O)C=C3,5.638272163982407,5.0
5g,N#CC1=CC=C(CS(C2=NC3=CC=C(Cl)C=C3O2)=O)C=C1,5.4089353929735005,5.0
5h,N#CC1=CC=CC(CS(C2=NC3=CC=C(Cl)C=C3O2)=O)=C1,5.267606240177032,5.0
5i,O=C(O)C1=CC=C(CS(C2=NC3=CC=C(Cl)C=C3O2)=O)C=C1,5.221848749616356,5.0
5j,ClC1=CC=C2N=C(S(CC3=CC=C(OCO4)C4=C3)=O)OC2=C1,5.0,5.0
5k,ClC1=CC=C2N=C(S(CC3=CC(C4=CC=CC=C4)=CC=C3)=O)OC2=C1,5.0,5.0
5l,ClC1=CC=C2N=C(S(CC3=CC=C(C4=CC=CC=C4)C=C3)=O)OC2=C1,5.0,5.0
5m,O=S(C1=NC2=CC=C(Cl)C=C2O1)CC3=C4C=CC=CC4=CC=C3,5.0,5.0
6a,FC1=C(OC(S(CC2=CC=C(Cl)C=C2)=O)=N3)C3=CC=C1,6.376750709602099,5.1487416512809245
6b,O=S(C1=NC2=CC=CC(Cl)=C2O1)CC3=CC=C(Cl)C=C3,6.6777807052660805,5.769551078621726
6c,O=S(C1=NC2=CC=CC(Br)=C2O1)CC3=CC=C(Cl)C=C3,6.958607314841775,5.0
6d,CC1=C(OC(S(CC2=CC=C(Cl)C=C2)=O)=N3)C3=CC=C1,5.455931955649724,5.0
6e,O=C(C1=C(OC(S(CC2=CC=C(Cl)C=C2)=O)=N3)C3=CC=C1)O,5.769551078621726,5.0
6f,O=C(C1=C(OC(S(CC2=CC=C(C(F)(F)F)C=C2)=O)=N3)C3=CC=C1)O,5.229147988357856,5.0
6g,OC1=C(OC(S(CC2=CC=C(C(F)(F)F)C=C2)=O)=N3)C3=CC=C1,5.3979400086720375,5.0
6h,O=S(C1=NC2=CC=CC(C3=CC=CC=C3)=C2O1)CC4=CC=C(C(F)(F)F)C=C4,5.920818753952375,5.0
7a,O=S(C1=NC2=CC=C(F)C=C2O1)CC3=CC=C(C(F)(F)F)C=C3,5.3872161432802645,5.0
7b,O=S(C1=NC2=CC=C(Br)C=C2O1)CC3=CC=C(C(F)(F)F)C=C3,5.886056647693163,5.0
7c,O=S(C1=NC2=CC=C(C3=CC=CC=C3)C=C2O1)CC4=CC=C(C(F)(F)F)C=C4,5.0,5.0
7d,O=S(C1=NC2=CC=C(C3=CC=C(F)C=C3)C=C2O1)CC4=CC=C(C(F)(F)F)C=C4,5.0,5.0
7e,O=S(C1=NC2=CC=C(C3=CC=CC(F)=C3)C=C2O1)CC4=CC=C(C(F)(F)F)C=C4,5.0,5.0
7f,O=S(C1=NC2=CC=C(C3=CC=CC=C3F)C=C2O1)CC4=CC=C(C(F)(F)F)C=C4,6.455931955649724,5.0
7g,O=S(C1=NC2=CC=C(C3=CC=C(C)C=C3)C=C2O1)CC4=CC=C(C(F)(F)F)C=C4,5.0,5.0
7h,O=S(C1=NC2=CC=C(C3=CC=CC(C)=C3)C=C2O1)CC4=CC=C(C(F)(F)F)C=C4,5.0,5.0
7i,O=S(C1=NC2=CC=C(C3=CC=CC=C3C)C=C2O1)CC4=CC=C(C(F)(F)F)C=C4,6.301029995663981,5.0
7j,FC(C1=CC=C(C2=CC=C3N=C(S(CC4=CC=C(C(F)(F)F)C=C4)=O)OC3=C2)C=C1)(F)F,5.0,5.0
7k,FC(C1=CC(C2=CC=C3N=C(S(CC4=CC=C(C(F)(F)F)C=C4)=O)OC3=C2)=CC=C1)(F)F,6.585026652029182,5.0
7l,FC(C1=CC=CC=C1C2=CC=C3N=C(S(CC4=CC=C(C(F)(F)F)C=C4)=O)OC3=C2)(F)F,6.443697499232713,5.0
8a,O=S(C1=NC2=CC(F)=CC=C2O1)CC3=CC=C(C(F)(F)F)C=C3,6.214670164989233,5.0
8b,O=S(C1=NC2=CC(Cl)=CC=C2O1)CC3=CC=C(C(F)(F)F)C=C3,6.585026652029182,5.0
8c,O=S(C1=NC2=CC(Br)=CC=C2O1)CC3=CC=C(C(F)(F)F)C=C3,6.795880017344075,5.0
8d,O=S(C1=NC2=CC([N+]([O-])=O)=CC=C2O1)CC3=CC=C(C(F)(F)F)C=C3,7.040958607678906,6.6020599913279625
8e,O=S(C1=NC2=CC(C#N)=CC=C2O1)CC3=CC=C(C(F)(F)F)C=C3,6.455931955649724,5.0
8f,O=S(C1=NC2=CC(OC)=CC=C2O1)CC3=CC=C(C(F)(F)F)C=C3,5.769551078621726,5.0
8g,O=S(C1=NC2=CC(C3=CC=C(C)C=C3)=CC=C2O1)CC4=CC=C(C(F)(F)F)C=C4,5.0,5.0
8h,O=S(C1=NC2=CC(C3=CC(C)=CC=C3)=CC=C2O1)CC4=CC=C(C(F)(F)F)C=C4,5.337242168318426,5.0
8i,O=S(C1=NC2=CC(C3=C(C)C=CC=C3)=CC=C2O1)CC4=CC=C(C(F)(F)F)C=C4,5.318758762624412,5.0
8j,O=S(C1=NC2=CC(C(O)=O)=CC=C2O1)CC3=CC=C(C(F)(F)F)C=C3,6.3979400086720375,5.0
9a,FC1=C2N=C(S(CC3=CC=C(Cl)C=C3)=O)OC2=CC=C1,6.346787486224656,5.055517327849831
9b,O=S(C1=NC2=C(Cl)C=CC=C2O1)CC3=CC=C(Cl)C=C3,6.443697499232713,5.086186147616283
9c,O=S(C1=NC2=C(Br)C=CC=C2O1)CC3=CC=C(Cl)C=C3,6.698970004336019,5.0
9d,CC1=C2N=C(S(CC3=CC=C(Cl)C=C3)=O)OC2=CC=C1,5.318758762624412,5.0
9e,O=S(C1=NC2=C(C3=CC=CC=C3)C=CC=C2O1)CC4=CC=C(Cl)C=C4,6.214670164989233,5.0
9f,OC1=C2N=C(S(CC3=CC=C(Cl)C=C3)=O)OC2=CC=C1,5.0,5.0
10a,O=S(C1=NC2=CC(OC)=C(OC)C=C2O1)CC3=CC=C(C(F)(F)F)C=C3,5.0,5.0
10b,O=S(C1=NC2=CC(Cl)=C(Cl)C=C2O1)CC3=CC=C(Cl)C=C3,6.769551078621726,5.494850021680094
10c,O=S(C1=NC2=CC(F)=C(Br)C=C2O1)CC3=CC=C(C(F)(F)F)C=C3,6.568636235841013,5.251811972993799
10d,O=S(C1=NC2=CC(Br)=C(Br)C=C2O1)CC3=CC=C(Cl)C=C3,6.113509274827519,5.0
10e,FC1=C(OC(S(CC2=CC=C(Cl)C=C2)=O)=N3)C3=C(F)C=C1,6.4089353929735005,5.0
10f,FC1=C(OC(S(CC2=CC=C(Cl)C=C2)=O)=N3)C3=CC=C1F,6.327902142064283,5.221848749616356
10g,FC1=C(F)C=C2N=C(S(CC3=CC=C(Cl)C=C3)=O)OC2=C1,5.958607314841775,5.0
10h,FC1=CC=C(OC(S(CC2=CC=C(Cl)C=C2)=O)=N3)C3=C1F,6.251811972993799,5.161150909262744
10i,FC1=C(F)C(F)=C2N=C(S(CC3=CC=C(Cl)C=C3)=O)OC2=C1,6.795880017344075,5.376750709602099
10j,FC1=C(C2=CC=CC=C2F)C=C(OC(S(CC3=CC=C(Cl)C=C3)=O)=N4)C4=C1F,6.431798275933005,5.040958607678906
10k,FC1=CC=CC=C1C2=C(F)C=C3N=C(S(CC4=CC=C(Cl)C=C4)=O)OC3=C2,7.086186147616283,5.327902142064283
10l,FC1=CC=CC=C1C2=CC=C3N=C(S(CC4=CC=C(Cl)C=C4)=O)OC3=C2F,7.050609993355088,5.42021640338319
3a,COC1=C(OC)C=CC2=C1C=NC(C3=CC=CC=C3)=C2,5.1073489661227,6.468521082957745
3b,COC1=C(OC)C=CC2=C1C=NC(C3=CC=C(Br)C=C3)=C2,4.104522203724286,4.46495918674884
3c,COC1=C(OC)C=CC2=C1C=NC(C3=CC=C(F)C=C3)=C2,4.370386554621817,5.041914151478915
3d,CC1=CC=C(C2=CC3=C(C=N2)C(OC)=C(OC)C=C3)C=C1,4.0,4.0
3e,COC1=C(OC)C=CC2=C1C=NC(C3=CC=C(C(C)(C)C)C=C3)=C2,4.0,4.636012170251509
3f,COC1=CC=C(C2=CC3=C(C=N2)C(OC)=C(OC)C=C3)C=C1,4.95311480916229,5.565431095965801
3g,COC1=C(OC)C=CC2=C1C=NC(C34C[C@H]5C[C@@](C4)([H])C[C@H](C5)C3)=C2,4.749092300299144,5.578396073130169
3h,COC1=C(OC)C=CC2=C1C=NC(C3=CC=C4N=CSC4=C3)=C2,4.0,4.0
3i,COC1=C(OC)C=CC2=C1C=NC(C3=CC4=CC=CC=C4O3)=C2,4.0,4.0
3j,COC1=C(OC)C=CC2=C1C=NC(C3=CC=CN=C3)=C2,4.0,4.0
3k,COC1=C(OC)C=CC2=C1C=NC(C3=CC=CS3)=C2,4.949233688766958,5.537602002101044
19a,OC1=C(OC)C=CC2=C1C=NC(C3=CC=CC=C3)=C2,6.050609993355088,6.619788758288394
19b,OC1=C(OC)C=CC2=C1C=NC(C3=CC(OCO4)=C4C=C3)=C2,5.292429823902063,6.552841968657781
19c,OC1=C(OC)C=CC2=C1C=NC(C3=CC=C(C)C=C3)=C2,4.0,4.0
19d,OC1=C(OC)C=CC2=C1C=NC(C3=CC=C(OC)C=C3)=C2,6.1487416512809245,6.346787486224656
19e,OC1=C(OC)C=CC2=C1C=NC(C3=CC=C(F)C=C3)=C2,4.0,4.292770580672706
19f,OC1=C(OC)C=CC2=C1C=NC(C3=CC=C(C(F)(F)F)C=C3)=C2,4.81559251458768,5.137868620686963
19g,OC1=C(OC)C=CC2=C1C=NC(C3=CC=CS3)=C2,4.677987561417599,5.991399828238082
28a,OC1=C(OC)C=CC2=NC(C3=CC=CC=C3)=NC=C12,4.0,4.0
28b,OC1=C(OC)C=CC2=NC(C3=CC=C(OC)C=C3)=NC=C12,4.0,4.0
31a,OC1=C2C=CC(C3=CC=CC=C3)=NC2=CC=C1OC,4.0,5.251811972993799
31b,OC1=C2C=CC(C3=CC=C(OC)C=C3)=NC2=CC=C1OC,4.0,4.0
35,O=C(NC1=CC=CC=C1)C2=CC=C(C3=CC4=C(C=N3)C(O)=C(OC)C=C4)C=C2,4.995678626217358,6.6020599913279625
40a,O=C(NC1=CC=C(C2=CC3=C(C=N2)C(O)=C(OC)C=C3)C=C1)C4=CC=CC=C4,5.351639989019068,6.721246399047171
40b,O=C(NC1=CC=C(C2=CC3=C(C=N2)C(O)=C(OC)C=C3)C=C1)C4=CC=C(F)C=C4,4.0,4.0
40c,O=C(NC1=CC=C(C2=CC3=C(C=N2)C(O)=C(OC)C=C3)C=C1)C4=CC=C(C(F)(F)F)C=C4,4.0,5.488116639021126
40d,O=C(NC1=CC=C(C2=CC3=C(C=N2)C(O)=C(OC)C=C3)C=C1)C4=CC=C(C)C=C4,4.0,4.343901797987169
40e,O=C(NC1=CC=C(C2=CC3=C(C=N2)C(O)=C(OC)C=C3)C=C1)C4=CC=CC(OC)=C4,4.846795099915716,5.38933983691012
40f,CC(NC1=CC=C(C2=CC3=C(C=N2)C(O)=C(OC)C=C3)C=C1)=O,5.675717544702307,6.455931955649724
40g,CC(C)(C)C(NC1=CC=C(C2=CC3=C(C=N2)C(O)=C(OC)C=C3)C=C1)=O,5.55129368009492,5.920818753952375
40h,O=C(NC1=CC=C(C2=CC3=C(C=N2)C(O)=C(OC)C=C3)C=C1)C(F)(F)F,5.212539525481585,5.935542010773082
43a,CS(=O)(NC1=CC=C(C2=CC3=C(C=N2)C(O)=C(OC)C=C3)C=C1)=O,5.906578314837765,6.698970004336019
43b,O=S(C(F)(F)F)(NC1=CC=C(C2=CC3=C(C=N2)C(O)=C(OC)C=C3)C=C1)=O,6.508638306165727,7.096910013008056
43c,O=S(C1CC1)(NC2=CC=C(C3=CC4=C(C=N3)C(O)=C(OC)C=C4)C=C2)=O,5.342944147142896,5.473660722610156
43d,O=S(N1CCCCC1)(NC2=CC=C(C3=CC4=C(C=N3)C(O)=C(OC)C=C4)C=C2)=O,4.813326132500255,5.098541678603888
46,O=C(NC1=CC=CC=C1)NC2=CC=C(C3=CC4=C(C=N3)C(O)=C(OC)C=C4)C=C2,4.296794629304514,4.8449677712090296
